lineId,originStopId,destinationStopId,orientation,averageSpeed,distance,averageTime,sampleCount
131,500201,504016,0,17.7929,0.1165,22.00,2
131,500250,500200,1,82.1683,0.3018,13.00,7
131,500251,500201,0,78.6142,0.4303,18.55,11
131,500300,500250,1,33.5889,0.1347,14.47,15
131,500301,500251,0,34.8049,0.1894,20.60,20
131,500350,500300,1,52.2862,0.2253,16.00,5
131,500400,500350,1,52.8965,0.2270,16.80,5
131,500450,500400,1,106.6469,0.3781,12.75,4
131,500500,500450,1,72.7666,0.2730,13.67,3
131,500602,500500,1,41.1681,0.1837,19.00,8
131,500750,500602,1,71.9746,0.2472,13.13,8
131,500850,500750,1,33.5251,0.1798,22.40,5
131,500950,500850,1,38.7055,0.1679,15.43,7
131,501002,500950,1,47.0500,0.3020,22.88,8
131,501602,501002,1,42.5075,0.1627,13.38,8
131,501652,501602,1,59.8397,0.2246,13.40,5
131,501702,501652,1,50.0322,0.1714,13.00,6
131,501750,501702,1,56.4528,0.2312,18.67,3
131,501800,501750,1,76.7844,0.2475,11.67,3
131,501852,501800,1,61.7102,0.2454,16.20,10
131,501900,501852,1,88.9756,0.3783,15.80,5
131,501950,501900,1,27.0263,0.1479,20.45,11
131,502000,501950,1,73.0247,0.2496,12.40,5
131,502050,502000,1,48.9961,0.2446,18.00,8
131,502102,502050,1,46.2265,0.1983,17.50,2
131,502150,502102,1,38.5268,0.1313,13.00,6
131,502200,502150,1,82.6863,0.2633,11.67,6
131,502250,502200,1,57.6402,0.2873,18.78,9
131,502250,502300,1,82.7178,0.5206,22.67,15
140,500159,501052,1,40.4836,0.2142,19.08,24
140,501051,500163,0,84.8430,0.5098,20.50,2
140,501052,501100,1,38.5607,0.1800,18.84,32
140,501100,501150,1,28.8233,0.1795,22.19,16
140,501101,501051,0,43.8037,0.2095,17.39,18
140,501150,501200,1,28.6449,0.1412,18.88,25
140,501151,501101,0,40.2302,0.1682,15.76,17
140,501200,501250,1,28.6739,0.1423,19.48,25
140,501201,501151,0,60.5532,0.3046,17.71,34
140,501250,501300,1,37.7882,0.1771,17.86,22
140,501251,501201,0,53.8451,0.2687,17.70,30
140,501300,501350,1,37.9545,0.2671,21.62,21
140,501301,501251,0,41.0397,0.2071,18.00,26
140,501350,501450,1,62.2376,0.3866,21.17,29
140,501351,501301,0,45.9250,0.1614,13.83,18
140,501450,501500,1,44.4263,0.2445,19.93,29
140,501500,501550,1,49.0265,0.2780,21.17,30
140,501550,500751,1,75.9274,0.4331,20.33,6
142,500751,500851,0,45.5574,0.2309,18.45,20
142,500851,500950,0,65.2322,0.3436,19.17,12
142,500950,501351,0,66.1018,0.4153,21.19,16
142,501150,514056,1,48.3048,0.2682,22.20,15
142,501151,514020,0,47.2614,0.2382,19.00,7
142,501200,501150,1,65.5017,0.3210,19.71,21
142,501201,501151,0,58.0095,0.2808,17.64,11
142,501250,501200,1,52.3993,0.3250,23.64,11
142,501250,501300,1,37.4595,0.2057,20.45,11
142,501251,501201,0,75.8309,0.4385,20.38,13
142,501300,501250,1,49.5757,0.2661,20.86,21
142,501300,501350,1,49.5210,0.2612,20.27,15
142,501301,501251,0,45.3966,0.2012,17.27,15
142,501350,501300,1,49.9503,0.2880,22.21,19
142,501350,501500,1,42.5761,0.2041,19.00,17
142,501351,501301,0,39.9314,0.1590,14.25,4
142,501500,501350,1,34.6087,0.2203,22.74,19
142,501500,501552,1,51.5962,0.3376,23.21,14
142,501552,501500,1,43.5754,0.2267,23.20,15
142,501552,502351,1,33.3585,0.1903,21.00,15
142,502350,500751,0,54.3812,0.2897,19.95,22
142,502351,501552,1,52.7602,0.3277,23.00,17
142,502351,512020,1,29.3021,0.1739,19.76,17
142,512020,502351,1,70.7451,0.4759,24.69,13
142,512020,512021,1,31.8818,0.1662,20.90,10
142,512021,512020,1,81.9881,0.3944,19.33,12
142,512021,512022,1,68.5120,0.3055,16.75,4
142,512022,512023,0,47.9057,0.2865,21.09,11
142,512023,502350,0,41.6889,0.2691,24.94,17
142,514021,514467,0,73.7691,0.3440,18.00,3
142,514054,514215,1,69.6074,0.5688,29.60,5
142,514055,514054,1,39.8103,0.1762,15.67,3
142,514056,514055,1,44.2179,0.2026,15.77,13
142,514147,514211,1,55.7762,0.3197,21.00,9
142,514195,514196,0,60.3538,0.3407,21.00,10
142,514196,514197,0,46.0729,0.3200,25.00,1
142,514197,514198,0,56.8744,0.3282,21.17,6
142,514198,514199,0,58.1731,0.3129,19.00,9
142,514200,514428,0,99.2439,0.5236,19.00,2
142,514201,514534,0,74.9355,0.5507,27.00,2
142,514202,514232,0,40.1628,0.1673,15.00,1
142,514208,514039,1,23.6180,0.0955,15.30,10
142,514209,514535,1,50.6802,0.3459,25.08,12
142,514210,514429,1,77.1922,0.4226,19.17,6
142,514211,514210,1,57.9038,0.2196,15.82,11
142,514212,514147,1,70.5341,0.2920,15.67,9
142,514213,514212,1,42.6914,0.3292,27.00,6
142,514214,514213,1,67.3491,0.3756,20.64,14
142,514215,514214,1,83.7002,0.5864,26.50,6
142,514233,514481,0,76.2263,0.5069,19.67,3
142,514246,514326,0,54.6489,0.2907,18.91,11
142,514249,514483,0,39.0703,0.1928,17.00,8
142,514326,514474,0,85.5925,0.3174,13.60,5
142,514428,514201,0,50.5742,0.3372,24.00,1
142,514429,514209,1,50.2803,0.3660,27.14,7
142,514474,514249,0,94.8074,0.6007,22.10,10
142,514482,514246,0,73.0045,0.2982,16.00,2
142,514483,514206,0,39.7923,0.1902,18.78,9
142,514534,514202,0,8.8721,0.0468,19.00,1
142,514535,514208,1,44.0082,0.3216,25.33,9
150,501403,502950,0,31.9486,0.1501,16.90,10
150,501450,501500,1,49.1003,0.2599,19.33,18
150,501500,501550,1,20.2745,0.1074,25.00,3
150,502601,502600,0,61.1801,0.2049,11.67,3
150,502650,502600,0,22.9137,0.1156,19.29,7
150,502700,502650,0,62.6687,0.5344,35.70,20
150,502750,503002,0,50.8365,0.2263,17.20,10
150,502800,502750,0,47.2606,0.1967,17.90,10
150,502850,502800,0,61.3087,0.6554,30.80,5
150,502900,502850,0,77.9648,0.4343,20.13,15
150,502950,502900,0,23.2697,0.1263,19.60,10
150,503002,502700,0,56.5119,0.3494,22.00,29
217,501854,502000,1,9.5399,0.0623,17.00,2
217,502000,502102,1,47.9907,0.2799,21.00,1
217,502001,501853,0,41.1778,0.2378,22.40,5
217,502102,502150,1,28.9920,0.1314,20.00,6
217,502103,502001,0,27.2722,0.0985,13.00,1
217,502150,502200,1,33.5660,0.1560,19.56,9
217,502151,502103,0,52.7413,0.3221,24.20,5
217,502200,511020,1,58.4463,0.3476,23.00,6
217,502201,502151,0,45.8169,0.2683,20.36,11
217,511020,511043,1,99.7125,0.8032,29.00,1
217,511021,502201,0,36.9647,0.2074,19.30,10
217,511043,511361,1,30.4740,0.1177,16.80,5
271,501855,501900,0,43.2580,0.2541,23.22,9
271,501900,517006,0,4.9332,0.0397,29.00,1
271,501901,501851,1,77.1912,0.5650,26.67,6
271,511090,511106,1,74.6852,0.2627,13.00,2
271,511098,511099,1,41.9737,0.2267,18.67,3
271,511100,511223,1,27.4979,0.1234,18.00,6
271,511109,516184,1,48.5614,0.1902,15.00,2
271,511223,511319,1,48.7677,0.3144,24.00,2
271,511242,511427,0,78.5360,0.4891,21.25,4
271,511309,511311,1,49.2621,0.3003,21.60,5
271,511310,516231,0,103.4451,0.7838,27.33,3
271,511311,511313,1,116.4613,0.9058,28.00,1
271,511312,511310,0,73.2481,0.4458,21.33,6
271,511313,511315,1,61.4187,0.3653,20.80,5
271,511315,517212,1,58.8379,0.3131,18.67,3
271,511316,511312,0,65.6972,0.4716,22.67,3
271,511319,511321,1,34.4965,0.1428,15.00,2
271,511321,511323,1,73.3765,0.3832,19.80,5
271,511323,511419,1,91.1274,0.5330,20.80,10
271,511408,511100,1,115.0150,0.7668,24.00,1
271,511416,511417,1,46.8888,0.2752,23.75,4
271,511417,511484,1,52.2853,0.2830,18.33,3
271,511419,511420,1,52.5824,0.2831,20.00,7
271,511420,511421,1,32.9257,0.1941,26.33,3
271,511421,511422,1,75.7909,0.3375,16.00,3
271,511422,511423,1,56.9131,0.2714,17.00,3
271,511423,511109,1,54.8856,0.3117,20.75,4
271,511424,511425,0,61.9452,0.3945,23.00,2
271,511426,511242,0,83.6079,0.4876,21.00,2
271,511427,511428,0,75.3625,0.4396,21.00,1
271,511428,511098,0,102.9244,0.6576,23.00,1
271,511468,511090,1,60.6041,0.2255,13.50,2
271,511484,511408,1,60.5592,0.4151,24.00,2
271,511489,511490,1,82.5860,0.5540,21.33,3
271,511490,511491,1,69.4343,0.4266,21.50,2
271,511491,511230,1,47.6581,0.3045,23.00,1
271,516128,511309,1,33.7138,0.1679,20.86,7
271,516146,516128,1,87.6908,0.5447,22.82,11
271,516167,516251,0,98.1545,0.3544,13.00,1
271,516184,516250,1,90.1201,0.5257,21.00,1
271,516232,516167,0,37.8665,0.2240,19.10,10
271,516233,517178,1,4.7432,0.0214,17.50,4
271,516250,516146,1,21.7310,0.1060,18.00,4
271,516252,511424,0,66.8839,0.2870,17.00,6
271,517178,501901,1,116.3729,0.8897,27.50,2
271,517212,516233,1,54.3208,0.1660,11.00,1
271,517213,511316,0,43.8261,0.2099,17.75,4
272,500603,502401,1,41.2976,0.2798,25.00,3
272,501405,501452,1,71.0116,0.3359,17.50,6
272,501452,501502,1,35.0805,0.1748,20.00,9
272,501502,501552,1,28.0827,0.1435,19.36,14
272,501552,500603,1,47.1972,0.2535,19.67,6
272,501950,502000,0,41.9108,0.1573,17.50,4
272,502000,502050,0,45.6748,0.3029,24.07,14
272,502050,502100,0,3.2276,0.0408,49.50,2
272,502100,511235,1,23.1527,0.0894,20.75,4
272,502401,512206,1,44.3615,0.1856,18.00,9
272,511235,511243,1,27.4590,0.1272,21.50,2
272,511243,516254,1,94.0074,0.5321,20.67,9
272,512021,512054,1,64.8531,0.3833,20.29,7
272,512040,512207,1,82.4417,0.4043,18.18,11
272,512054,512055,1,49.4545,0.2520,17.82,11
272,512055,513016,1,34.1251,0.2250,22.38,8
272,512123,513264,1,87.8736,0.5954,24.50,2
272,512206,512021,1,34.5303,0.2004,20.50,6
272,512207,512123,1,69.4339,0.3985,19.60,5
272,513016,513270,1,65.7344,0.1826,10.00,1
272,513270,512040,1,27.8385,0.1373,16.88,8
272,516052,516054,1,32.3541,0.1568,20.50,2
272,516054,516177,1,80.3170,0.4239,19.00,1
272,516056,516058,1,27.7796,0.1516,18.75,4
272,516058,516060,1,77.5341,0.3497,17.00,2
272,516060,516062,1,45.9897,0.3050,22.14,7
272,516062,516064,1,76.5402,0.4633,22.00,9
272,516064,516065,1,60.9999,0.3205,20.17,6
272,516065,516067,1,44.8046,0.2259,17.83,6
272,516067,516070,1,37.8635,0.2435,22.00,6
272,516070,516072,1,76.7628,0.4775,22.20,10
272,516072,516074,1,70.5455,0.3849,19.71,7
272,516074,516076,1,50.5512,0.3998,26.33,3
272,516076,516079,1,42.7876,0.2659,19.83,6
272,516079,519022,1,63.3298,0.2661,15.80,10
272,516177,516056,1,61.8150,0.3661,21.00,5
272,516233,501950,0,82.1092,0.4352,18.83,12
272,516254,516052,1,28.9791,0.1575,20.00,3
272,517212,516233,0,55.2716,0.3285,20.00,4
272,519022,519290,1,55.5010,0.2987,20.23,13
272,519026,501405,1,49.1336,0.3115,21.45,11
272,519290,519026,1,44.3945,0.4520,29.11,9
282,500102,513254,0,72.6365,0.4530,19.38,8
282,512014,512181,0,54.7543,0.2012,14.50,2
282,512035,513247,0,67.4932,0.3073,15.80,5
282,512081,512034,1,52.3394,0.1599,11.00,1
282,512135,512081,1,83.4025,0.4249,18.08,12
282,513148,513292,0,73.8542,0.4447,23.67,3
282,513192,513193,0,68.5642,0.3695,19.60,15
282,513193,513194,0,29.4203,0.1790,25.00,3
282,513194,513093,0,36.0274,0.2174,21.57,7
282,513194,513292,0,107.4120,9.9058,332.00,1
282,513247,513248,0,82.9817,0.4405,19.00,5
282,513248,513192,0,71.3612,0.3491,20.43,7
282,513292,513233,0,103.7544,0.7413,25.50,2
282,518143,518162,0,21.0526,0.1037,21.00,5
282,518160,518161,0,111.2735,0.4945,16.00,3
282,518161,518143,0,83.2947,3.3978,131.00,3
283,502651,502701,0,29.6082,0.1472,16.33,3
283,513141,513142,1,92.0372,0.5369,21.00,1
283,513142,513143,1,52.0873,0.2959,20.25,4
283,513143,513144,1,44.6082,0.2726,22.00,1
283,513144,513150,1,72.1066,0.2937,20.00,2
283,513150,513151,1,71.4468,0.3630,19.00,3
283,513151,513152,1,71.6069,0.3779,19.00,1
283,513152,513153,1,62.9140,0.2695,17.83,6
283,513153,513163,1,26.2738,0.2274,31.40,5
283,513158,513159,0,50.3128,0.2103,17.25,4
283,513159,513160,0,76.9453,0.4017,19.25,4
283,513162,514097,0,47.3123,0.2616,17.50,2
283,513165,504008,1,119.1253,0.3309,10.00,1
283,514076,514377,1,46.8734,0.2046,17.00,6
283,514080,514082,1,55.9167,0.2468,16.00,2
283,514082,514095,1,46.6811,0.2184,17.00,2
283,514096,514098,1,75.3809,0.2501,12.50,2
283,514099,514113,1,85.5986,0.2935,12.50,2
283,514152,514153,0,87.3433,0.4015,17.00,3
283,514153,514154,0,47.6536,0.2515,19.00,1
283,514154,514155,0,88.4357,0.4815,21.00,2
283,514157,514080,1,45.7271,0.2405,20.18,11
283,514218,514152,0,82.6870,0.2593,12.00,2
283,514278,502651,0,57.1233,0.3120,20.00,10
283,514367,514400,0,105.8973,0.4412,15.00,1
283,514373,514431,1,52.0367,0.2974,21.00,4
283,514374,514376,0,93.9630,0.5361,21.00,5
283,514377,514443,1,27.0251,0.1426,19.00,1
283,514382,514367,0,56.2200,0.5153,33.00,1
283,514400,514370,0,90.4139,0.6134,24.80,5
283,514401,514157,1,37.5131,0.2193,19.67,3
283,514415,514076,1,82.5362,0.2980,13.00,1
283,514431,514371,1,83.1083,0.3998,18.67,3
283,514541,514374,0,69.0277,0.4130,21.75,4
302,519038,519039,1,59.7613,0.2885,16.71,14
302,519039,519041,1,72.6625,0.4057,20.14,22
302,519040,519074,1,28.9369,0.1518,18.50,2
302,519041,519040,1,72.4949,0.4778,21.83,6
302,519043,519112,0,66.7008,0.3482,18.80,10
302,519050,519068,1,81.4129,0.4555,20.64,14
302,519052,519067,0,54.4520,0.3609,23.64,11
302,519067,519050,1,55.9806,0.3721,24.00,3
302,519069,519080,0,43.5392,0.2443,20.36,14
302,519071,519072,1,49.3228,0.2396,18.60,5
302,519072,519073,1,74.4120,0.4665,23.08,12
302,519073,519038,1,57.3931,0.3377,21.85,13
302,519074,519075,1,42.7640,0.2308,18.67,12
302,519076,519077,0,28.4107,0.1523,17.50,2
302,519077,519078,0,102.5504,0.3133,11.00,1
302,519078,519289,0,31.3332,0.1828,21.00,1
302,519079,519069,0,41.9778,0.2775,24.00,3
302,519080,519051,0,94.4667,0.5623,21.92,13
302,519112,519079,0,65.1474,0.3694,20.00,4
302,519122,519123,1,39.1343,0.2392,22.00,1
302,519123,519124,1,90.6268,0.6042,24.00,1
302,519125,519126,0,65.4177,0.4295,23.50,4
302,519126,519127,0,90.6803,0.4795,18.86,7
302,519127,519076,0,37.4705,0.2337,18.00,2
302,519289,519043,0,53.8928,0.2058,13.50,2
303,519081,519082,1,59.4237,0.4290,59.20,10
303,519084,519113,1,60.1653,0.3047,19.75,4
303,519086,519087,1,30.2812,0.1148,13.50,2
303,519087,519088,1,83.0161,0.4722,20.70,10
303,519088,519089,1,46.1890,0.2710,19.00,4
303,519089,519090,1,68.7016,0.4298,20.60,5
303,519090,519111,1,89.4066,0.9712,44.67,12
303,519111,519160,1,97.2547,0.3512,13.00,1
303,519113,519086,1,99.9084,0.2775,10.00,1
303,519160,519092,1,53.3136,0.2844,20.00,2
304,519093,519094,1,55.4475,0.2156,14.00,1
304,519094,519095,1,28.6870,0.1216,14.20,5
304,519095,519263,1,94.4548,0.3673,14.00,1
304,519096,519097,1,77.5628,0.3208,15.67,6
304,519098,519099,1,69.7640,0.5067,25.50,4
304,519099,519100,1,80.0057,0.5550,24.33,3
304,519100,519101,1,86.3218,0.6954,29.00,1
304,519101,519128,1,80.6230,0.5380,22.50,2
304,519103,519104,0,73.8436,0.2924,14.00,3
304,519104,519105,0,110.0097,0.9167,30.00,2
304,519106,519107,0,54.9440,0.2517,17.55,11
304,519107,519108,0,36.0387,0.1656,16.00,7
304,519110,519093,0,53.4071,0.2344,18.31,16
304,519128,519129,1,54.6151,0.3175,21.47,15
304,519130,519131,0,84.9780,0.4227,17.50,2
304,519131,519132,0,56.5416,0.3353,20.75,8
304,519132,519133,0,30.1789,0.1652,21.14,7
304,519133,519103,0,55.9460,0.1931,13.00,2
304,519144,519130,1,51.1194,0.9384,81.32,22
304,519263,519096,1,75.3195,0.2707,13.50,2
304,519264,519109,0,63.8016,0.2199,12.75,4
305,502350,512009,1,74.8080,0.3959,19.00,4
305,502400,502350,1,51.5825,0.2411,17.56,18
305,512009,513003,1,43.2271,0.2095,17.64,14
305,512072,512178,0,51.1712,0.3034,22.00,12
305,512101,519163,0,68.7057,0.3197,16.86,7
305,512103,512104,0,82.1147,0.4561,21.00,7
305,512104,512072,0,76.6380,0.4027,18.33,9
305,512178,519165,0,53.9584,0.2984,20.54,13
305,513003,513002,1,39.0689,0.1927,18.50,14
305,519038,519039,1,67.6774,0.3726,19.69,16
305,519039,519041,1,78.5397,0.4982,23.63,16
305,519041,519162,0,107.1984,0.6219,20.71,7
305,519043,519112,0,78.6712,0.3640,17.20,5
305,519079,512101,0,81.8778,0.5449,23.92,12
305,519112,519079,0,52.2039,0.2811,19.25,12
305,519161,519038,1,40.1600,0.1738,18.33,3
305,519162,519289,0,68.0534,0.3500,18.63,8
305,519163,512103,0,88.5964,0.7629,31.00,1
305,519165,519166,0,42.3625,0.2162,18.13,8
305,519166,502400,0,98.8343,0.9145,31.00,2
305,519289,519043,0,47.8885,0.1330,10.00,2
306,519038,519181,1,80.3506,0.4036,18.22,9
306,519041,519289,0,80.6841,0.2623,11.33,3
306,519043,519112,0,57.2313,0.3631,22.33,6
306,519050,519068,1,76.6581,0.5021,24.00,10
306,519051,519052,0,49.3577,0.3016,22.00,1
306,519052,519281,0,67.0925,0.3784,19.90,20
306,519069,519080,0,29.1760,0.1525,20.92,12
306,519071,519072,1,46.9662,0.2277,17.14,7
306,519072,519073,1,57.3176,0.3355,19.71,7
306,519079,519069,0,53.6620,0.3573,25.14,7
306,519080,519051,0,66.8094,0.3914,20.15,13
306,519112,519079,0,62.3077,0.3403,20.27,11
306,519161,519038,1,62.0185,0.2525,15.43,7
306,519181,519182,1,72.2233,0.4623,22.33,3
306,519182,519183,1,73.6266,0.3248,17.25,4
306,519183,519184,1,77.5680,0.5157,20.00,2
306,519184,519185,1,95.9474,0.4198,15.67,15
306,519185,519204,1,31.7429,0.1414,15.25,4
306,519186,519187,1,83.8130,0.6752,29.00,1
306,519187,519188,1,81.5593,1.1781,52.00,1
306,519188,519189,1,75.8717,0.2722,12.50,2
306,519190,519191,1,102.2685,0.6761,24.50,2
306,519191,519192,1,21.2374,0.1016,20.40,15
306,519192,519193,0,59.4219,0.3324,20.20,5
306,519193,519194,0,58.6731,0.2528,16.55,11
306,519194,519195,0,82.6111,0.5507,24.00,1
306,519195,519196,0,24.3660,0.0812,12.00,1
306,519196,519197,0,75.6846,0.4571,22.00,7
306,519198,519199,0,71.3808,0.4461,21.83,12
306,519199,519200,0,44.1261,0.2135,18.58,12
306,519200,519201,0,55.6719,0.2665,18.08,12
306,519201,519202,0,66.8588,0.2917,17.00,19
306,519202,519041,0,74.3341,0.4133,19.55,20
306,519204,519186,1,72.1955,0.3136,15.50,2
306,519207,519198,0,60.4107,0.2447,16.00,2
306,519281,519050,1,30.9269,2.1055,103.33,3
306,519289,519043,0,85.2705,0.4707,18.80,5
311,502302,511178,1,32.9584,0.2030,24.50,2
311,511031,511213,0,50.0092,0.4588,32.83,23
311,511046,511261,0,71.1488,0.3728,19.50,12
311,511178,511179,1,98.9716,0.6367,22.80,5
311,511179,511192,1,21.8365,0.1274,21.00,1
311,511192,511193,1,49.6804,0.1795,13.20,5
311,511193,511347,1,74.3522,0.5178,24.20,5
311,511194,511361,1,30.5443,0.1729,21.17,24
311,511195,511196,1,66.4411,0.3354,20.86,7
311,511213,512002,0,52.3264,0.3077,20.88,8
311,511214,511215,0,35.5935,0.2117,19.93,15
311,511215,511232,0,59.1873,0.3065,19.00,13
311,511232,511254,0,73.2794,0.3131,17.50,4
311,511249,511346,0,43.4045,0.1483,12.50,2
311,511250,511264,0,72.6880,0.3933,18.50,10
311,511254,511255,0,38.9382,0.2199,20.67,3
311,511255,511031,0,15.6953,0.0977,23.71,7
311,511261,511249,0,56.5762,0.3151,19.43,7
311,511264,511265,0,52.9624,0.2603,19.30,10
311,511265,502302,0,78.8746,0.4697,22.40,20
311,511346,511250,0,51.0164,0.2563,18.40,5
311,511347,511194,1,59.8179,0.3284,20.67,24
311,511361,511195,1,43.6585,0.2245,20.33,18
311,512002,511046,0,94.7393,0.7520,28.83,6
318,502313,511016,1,84.9531,0.4677,20.00,3
318,511016,511251,1,67.7515,0.2878,15.67,6
318,511020,511256,1,86.5069,0.4235,17.50,2
318,511132,511335,1,60.9847,0.1694,10.00,1
318,511134,511337,1,71.4049,0.2777,14.00,1
318,511136,511344,0,42.1233,0.2437,21.80,5
318,511232,511334,1,37.9631,0.1702,16.67,3
318,511251,511020,1,78.5466,0.4800,22.00,2
318,511256,511232,1,83.9626,0.4497,18.80,5
318,511257,511021,0,24.9279,0.0692,10.00,1
318,511335,511248,1,81.6124,0.4853,20.33,3
318,511337,511221,1,43.1693,0.2950,26.00,2
318,511339,511135,0,18.2334,0.1064,21.00,1
318,511341,511343,0,107.9830,0.3299,11.00,1
318,511343,511136,0,24.8104,0.1507,21.50,2
318,511344,511257,0,32.6125,0.1973,22.50,4
318,511459,502314,0,74.8718,1.7054,82.00,1
321,500107,512078,1,97.1987,0.6427,23.58,12
321,512078,513252,1,35.1196,0.1936,20.42,19
321,513024,513025,1,65.1175,0.4284,25.17,12
321,513025,513026,1,77.3847,0.6473,30.33,3
321,513033,513034,1,77.8971,0.2541,12.33,3
321,513034,513024,1,45.3357,0.3778,30.00,1
321,513045,513046,0,59.4887,0.2109,13.50,2
321,513046,513047,0,48.2934,0.2535,20.46,13
321,513047,500105,0,67.2922,0.4299,23.00,1
321,513252,513033,1,73.3865,0.4218,21.31,29
322,500108,500110,1,53.0827,0.3539,25.47,30
322,500110,512061,1,79.4194,0.4279,19.00,2
322,512029,512093,1,30.7343,0.2091,17.50,2
322,512032,512033,1,34.4220,0.1900,20.80,10
322,512061,512062,1,69.3787,0.3170,15.67,3
322,512062,512063,1,87.8066,0.4900,20.78,18
322,512063,512064,1,68.4622,0.5614,28.50,2
322,512064,512120,1,101.6863,0.5463,19.14,7
322,512089,512090,1,84.2606,0.5322,26.00,8
322,512092,512029,1,97.1164,0.5093,18.62,13
322,512093,512122,1,56.1331,0.2663,35.40,5
322,512121,512089,1,76.4191,0.9517,58.75,4
322,512122,512187,1,38.8824,0.1447,15.33,3
322,512187,512032,1,52.1690,0.5195,45.33,6
323,500109,500111,1,70.0739,0.3566,20.38,13
323,512014,512124,1,107.5757,0.3586,12.00,2
323,512085,512086,1,105.7255,0.7761,26.67,15
323,512086,512087,1,98.0798,0.5185,20.05,19
323,512087,512144,1,75.4150,0.3771,18.00,1
323,512124,512085,1,33.1495,0.1929,21.13,15
323,512144,512153,1,70.5974,0.3512,18.13,8
323,512153,512184,1,73.3880,0.2446,12.00,1
323,512184,512185,1,99.1595,0.4539,16.75,12
323,512185,512186,1,103.4585,0.6108,21.71,17
323,512186,500109,1,58.7904,0.2867,19.60,5
324,512155,512156,0,85.5035,1.6151,68.00,1
324,512156,512157,0,74.7498,0.8238,47.17,6
324,512157,512158,0,95.6001,0.4474,17.33,3
324,512159,512160,0,89.7373,0.4530,19.00,4
324,512161,512162,0,86.3823,0.5874,24.60,5
324,512163,512164,0,108.4889,0.6630,22.00,1
324,512164,512165,0,32.7036,0.1374,19.50,4
324,512168,512169,1,97.7888,0.6016,22.00,5
324,512169,512170,1,95.0451,0.7213,27.50,2
324,512170,512171,1,95.6787,0.6551,25.75,4
324,512173,512174,1,97.3733,0.6594,29.43,7
324,512174,512175,1,106.5445,1.0358,35.00,1
324,512175,512176,1,92.5136,1.1176,45.67,3
324,512176,512155,1,22.3407,0.1961,35.33,9
332,513014,513017,1,57.3571,0.3885,21.50,6
332,513166,513167,1,80.2947,0.3858,18.00,5
332,513167,513168,1,96.6437,0.5242,18.75,4
332,513168,513110,1,73.3924,0.3742,18.58,40
332,513183,513166,1,88.5532,0.4753,19.96,25
332,513185,513164,1,42.9967,0.2114,19.50,4
332,513186,513187,1,36.1438,0.2302,24.50,4
332,513187,513185,1,61.4317,0.2525,18.29,14
333,504005,513283,1,69.9727,0.2559,13.20,10
333,513029,513055,1,65.4719,0.3637,20.00,1
333,513030,513029,1,49.2677,0.2799,22.33,3
333,513041,513276,1,67.2562,0.2976,16.22,9
333,513042,513041,1,46.0591,0.3801,29.60,5
333,513043,513042,1,48.6376,0.3992,29.50,8
333,513044,513043,1,39.9606,0.2162,18.93,15
333,513045,513044,1,82.9002,0.4424,19.50,8
333,513052,513051,1,44.4545,0.3087,25.00,1
333,513053,513052,1,53.5132,0.2337,16.75,4
333,513054,513053,1,64.8573,0.2892,16.00,7
333,513055,513054,1,41.1704,0.2474,25.43,7
333,513277,513030,1,28.5119,0.2291,29.00,7
333,513277,513278,1,98.9886,0.4892,18.00,3
333,513278,513277,1,32.2337,0.2483,28.00,4
333,513278,513283,1,109.9489,0.7533,24.40,5
333,513283,504005,1,47.1485,0.2938,21.48,23
333,513283,513278,1,42.2299,0.3402,29.00,2
334,504006,513068,1,84.8574,0.5163,21.50,4
334,513012,513021,1,84.4761,0.4770,18.40,5
334,513021,504006,1,27.5222,0.1353,21.88,8
334,513066,513067,1,33.2451,0.1611,16.67,3
334,513067,513307,1,68.2868,0.3686,18.93,15
334,513111,513011,1,87.8732,0.4094,17.35,23
334,513307,513111,1,56.4266,0.2717,18.77,13
336,513001,513058,1,53.3967,0.2459,16.33,3
336,513138,513136,0,82.9168,1.0595,46.00,1
336,513166,513167,0,34.7759,0.0966,10.00,1
336,513167,513311,0,107.6787,0.3702,12.33,3
336,513168,513014,1,93.0027,0.4595,18.10,20
336,513212,513166,0,51.1063,0.2352,22.00,2
336,513214,513001,0,79.2607,0.4106,18.67,9
336,513215,513138,0,20.0947,0.1395,25.00,1
336,513309,513215,1,16.0872,0.0715,16.00,1
336,513310,513212,0,91.9133,0.4340,17.00,1
336,513311,513312,0,31.6437,0.2549,29.00,1
336,513312,513214,0,38.0779,0.1689,17.60,5
347,514039,514208,0,53.4861,0.2974,20.69,13
347,514054,514055,0,51.9638,0.2813,19.00,5
347,514055,514056,0,46.9054,0.2575,20.91,23
347,514056,500156,0,80.9934,0.5657,24.96,45
347,514147,514212,0,61.5560,0.3598,20.90,10
347,514205,514204,1,68.2247,0.3429,18.00,4
347,514205,514405,1,54.7294,0.2974,220.00,14
347,514206,514207,0,54.7555,0.2411,17.11,9
347,514207,514039,0,42.0952,0.2734,22.00,15
347,514209,514429,0,57.4396,0.2112,14.75,4
347,514210,514211,0,59.8682,0.2796,19.26,19
347,514211,514147,0,11.3332,0.0530,19.40,5
347,514212,514213,0,39.5765,0.2192,19.68,19
347,514213,514214,0,30.3722,0.1576,19.82,11
347,514214,514215,0,80.9379,0.2924,13.50,6
347,514405,514206,0,45.6317,0.2229,19.11,18
347,514429,514210,0,31.4839,0.1725,21.40,15
347,514535,514209,0,66.3551,0.3685,19.73,11
352,515156,515166,1,14.6305,0.0680,18.70,10
352,515157,515158,1,62.9777,0.4724,28.00,2
352,515166,515157,1,20.9121,0.1038,20.67,3
352,515238,515015,1,97.5561,0.7429,28.00,3
353,514301,514302,0,51.2956,0.3192,23.67,3
353,514302,514303,0,23.7558,0.1206,18.92,12
353,514304,514305,0,32.8590,0.1187,13.00,1
353,514305,514381,0,50.5415,0.5175,25.20,5
353,514306,514307,1,96.2774,0.3744,14.00,1
353,514308,514309,1,91.4483,0.4531,18.67,3
353,514367,514400,1,32.5992,0.3622,40.00,1
353,514368,500166,0,102.1296,0.7072,25.25,20
353,514381,514368,0,40.5738,0.1803,16.00,1
353,514400,514306,1,59.2356,0.2267,16.00,2
353,515059,515060,0,65.8874,0.3477,19.00,1
353,515060,515194,0,84.9428,0.4557,19.83,6
353,515126,514301,0,110.4981,0.7980,26.00,1
353,515128,515190,1,53.3849,0.4449,30.00,1
355,514084,514186,0,55.2322,0.3929,22.00,5
355,514124,514181,1,92.7892,0.4897,19.00,1
355,514174,514277,0,35.6909,0.2776,28.00,1
355,514175,514275,1,45.4780,0.1391,10.67,3
355,514182,514175,1,81.0772,0.4167,18.30,10
355,514183,514469,1,59.8161,0.3469,20.57,7
355,514186,514468,0,47.3451,0.2411,17.50,2
355,514190,514421,1,106.2129,0.7284,25.00,3
355,514192,514193,1,56.0127,0.4201,27.00,1
355,514193,514376,1,85.9448,0.5079,21.33,3
355,514195,514196,1,40.3397,0.1916,15.33,3
355,514197,514122,1,92.9766,0.4911,19.50,2
355,514212,514213,0,37.8217,0.1773,17.83,6
355,514213,514214,0,12.0392,0.0970,29.00,1
355,514278,514432,1,73.0025,0.3873,18.50,2
355,514415,514081,0,87.0805,0.7015,29.00,1
355,514421,514192,1,65.5110,0.3094,17.00,1
355,514433,514379,0,91.6969,0.4914,19.82,11
355,514469,514190,1,67.3530,0.2497,14.50,4
355,514486,514487,0,30.3708,0.1772,21.00,1
357,514039,514171,1,78.0946,0.2603,12.00,1
357,514076,514376,1,77.0050,0.5006,23.82,11
357,514078,514079,1,81.0055,0.3512,15.25,4
357,514171,514492,1,63.2363,0.3675,22.00,14
357,514249,514483,1,119.4299,0.7298,22.00,1
357,514278,514432,1,63.8296,0.2305,13.00,1
357,514326,514543,1,76.9100,0.3783,15.80,5
357,514404,514074,1,91.1918,0.7281,29.67,3
357,514419,514547,1,119.0327,0.7936,24.00,1
357,514432,514379,0,84.2675,0.5722,43.92,13
357,514481,514482,1,38.9799,0.1408,13.00,1
357,514482,514246,1,114.1577,0.3805,12.00,1
357,514483,514206,1,75.8097,0.4212,20.00,1
357,514493,514494,1,33.2866,0.1479,16.00,1
357,514494,514495,1,110.1456,0.9179,30.00,1
357,514496,514497,0,3.8382,0.0213,20.00,1
357,514497,514498,0,70.5010,0.3170,16.87,15
357,514498,514484,0,74.5760,0.4998,23.64,11
357,514543,514544,1,95.2704,0.7410,28.00,1
357,514544,514545,1,80.6278,0.3641,16.60,5
357,514545,514546,1,2.1845,0.0103,17.00,1
357,514546,514419,1,102.9907,0.3147,11.00,1
357,514547,514548,1,80.9964,0.3835,17.88,8
370,517072,517257,1,41.5249,0.2703,21.50,2
370,517133,517134,1,69.6322,0.3241,17.33,6
370,517134,519115,1,114.8768,0.3829,12.00,1
370,517259,517072,1,22.5864,0.1303,19.40,5
370,519107,519108,1,71.7217,0.3639,19.00,4
370,519109,519110,1,69.2087,0.2691,14.00,1
370,519110,519282,1,80.9995,0.5390,24.50,6
370,519115,519107,1,97.2290,0.6354,23.50,2
370,519264,519109,1,35.8369,0.1195,12.00,1
371,500051,517014,1,41.8451,0.1872,17.50,2
371,517014,517016,1,98.4987,0.8472,29.78,9
371,517015,500051,0,59.4534,0.4114,24.50,14
371,517017,517015,0,54.1461,0.2510,17.25,4
371,517018,517231,1,77.0963,0.2984,14.75,4
371,517023,517021,0,84.8748,0.4160,16.50,2
371,517025,517027,1,81.2050,0.4049,19.00,3
371,517026,517023,0,53.4802,0.2625,16.75,4
371,517028,517026,0,59.6459,0.3315,21.80,5
371,517029,500051,0,1.7253,0.0096,20.00,1
371,517033,517083,0,63.8944,0.3767,21.50,4
371,517083,517084,0,54.5211,0.2830,19.11,18
371,517084,517028,0,57.9490,0.2893,19.17,23
371,517151,517018,1,111.1154,0.4670,15.00,2
371,517177,517228,0,28.7583,0.1022,13.33,3
371,517228,517017,0,73.1726,0.4154,20.83,12
371,517231,517020,1,61.2263,0.3240,19.50,2
371,517232,517177,0,72.4172,0.2985,15.67,6
373,500056,517154,1,86.2198,0.4949,20.88,16
373,517015,500056,0,62.1973,0.3548,19.90,21
373,517041,517042,1,60.1159,0.2171,13.25,4
373,517042,517043,1,51.8655,0.2054,14.58,12
373,517043,517156,1,94.0270,0.5603,22.00,3
373,517046,517167,0,38.3920,0.2133,20.14,21
373,517050,517166,0,112.8736,0.6584,21.00,1
373,517076,517249,0,71.2538,0.4538,23.50,4
373,517090,517129,1,52.1652,0.2608,19.33,6
373,517091,517090,1,65.6128,0.3649,20.50,4
373,517093,517091,1,64.7526,0.2729,18.00,8
373,517096,517097,1,39.3006,0.1965,18.00,1
373,517097,517247,1,97.3621,0.6455,24.10,10
373,517126,517159,1,85.8477,0.5776,24.22,18
373,517129,517096,1,59.8631,0.2981,20.80,5
373,517159,517093,1,77.8916,0.3406,17.33,15
373,517162,517045,0,34.0916,0.2178,23.00,1
373,517163,517164,1,52.6020,0.4122,31.83,6
373,517164,517076,1,7.2707,0.0568,28.50,2
373,517165,517162,0,77.3804,1.3327,62.00,1
373,517165,517163,1,87.5532,0.6778,30.00,6
373,517166,517052,0,65.7538,0.2900,17.00,4
373,517167,517050,0,52.4426,0.3642,25.00,1
373,517247,517165,1,76.2071,0.7049,31.90,10
373,517249,517247,0,101.5564,0.7059,25.25,20
373,517279,517015,0,97.8621,0.5582,21.13,8
375,500055,517214,1,81.6162,0.4862,21.25,4
375,517015,500055,0,88.2459,0.5818,24.33,18
375,517017,517015,0,48.6104,0.1957,15.00,2
375,517143,517144,1,60.5896,0.2766,16.00,6
375,517147,517180,1,61.5657,0.1881,11.00,1
375,517169,517143,1,40.3175,0.1573,14.36,11
375,517176,517177,0,58.3819,0.3309,18.43,7
375,517179,517147,1,34.0866,0.1859,20.00,6
375,517180,517216,1,55.4365,0.2005,13.33,3
375,517185,517186,0,110.9713,0.5240,17.00,1
375,517187,517188,0,71.4859,0.3444,17.00,7
375,517189,517176,0,114.0941,0.3803,12.00,1
375,517214,517168,1,51.6459,0.2845,19.33,3
375,517216,517217,1,53.8269,0.2501,16.86,14
375,517217,517218,1,101.3058,0.6451,22.33,3
375,517218,517229,1,65.2102,0.2316,13.33,3
375,517219,517230,0,81.1811,0.5131,23.79,24
375,517228,517017,0,71.9877,0.3775,19.33,12
375,517229,517219,1,62.6616,0.3996,21.00,2
375,517230,517221,0,83.4554,0.2550,11.00,1
376,500058,517014,1,92.9213,0.6697,23.25,4
376,517014,517058,1,19.8189,0.1370,28.75,8
376,517015,500058,1,41.9944,0.4083,199.09,22
376,517058,517060,1,81.1749,0.5052,22.00,5
376,517059,517015,1,88.0362,0.8103,31.80,5
376,517060,517062,1,71.6702,0.2939,15.33,3
376,517061,517059,1,66.6109,0.3669,20.67,12
376,517062,517064,1,72.3123,0.3296,17.31,13
376,517064,517152,1,58.1218,0.3822,23.50,6
376,517065,517066,1,60.4463,0.9692,59.22,9
376,517066,517067,1,53.2928,0.3085,21.25,4
376,517067,517068,1,61.5532,0.3027,17.94,17
376,517068,517259,1,51.3970,0.2885,24.00,2
376,517072,517171,1,78.9323,0.4387,19.27,11
376,517152,517065,1,68.4318,0.3803,21.00,10
376,517171,517172,1,81.7156,0.5221,23.00,1
376,517172,517063,1,88.1044,0.5377,20.92,13
376,517269,517061,1,39.6886,0.2315,21.00,1
377,516124,516195,0,64.8528,0.3672,20.67,3
377,516139,516138,0,66.1662,0.3057,17.00,2
377,516141,516271,1,48.0829,0.2003,15.00,1
377,516142,516143,1,15.5369,0.0848,21.00,4
377,516143,516144,1,61.0952,0.3240,19.50,2
377,516144,516249,1,52.2685,0.1597,11.00,1
377,516145,516275,1,48.7568,0.1896,14.00,1
377,516185,516186,1,37.8554,0.1909,17.33,3
377,516186,516187,1,93.1058,0.6143,24.29,7
377,516187,517200,1,79.2164,0.4783,21.00,8
377,516196,516197,1,30.3484,0.1752,21.67,3
377,516197,516198,1,102.3654,0.7541,26.50,2
377,516198,516200,1,19.7545,0.1372,25.00,1
377,516200,516185,1,33.7727,0.1970,22.00,2
377,516248,516124,0,105.1562,0.3551,12.00,3
377,516249,516145,1,58.6933,0.2853,21.05,19
377,516271,516272,1,67.6748,0.2820,15.00,1
377,516272,516273,1,100.5067,0.6142,22.00,1
377,516273,516274,1,93.4592,0.4990,20.46,28
377,516274,516142,1,64.0523,0.2785,16.00,3
377,516275,516196,1,41.0081,0.2249,19.23,13
377,517121,517122,0,53.9857,0.2399,16.00,2
377,517122,516246,0,27.7236,0.1386,18.00,1
377,517123,516247,0,62.8133,0.3096,17.67,3
377,517268,517121,0,26.4271,0.1243,18.38,8
385,500161,514382,0,85.3295,0.4504,19.00,1
385,514287,514425,0,85.3567,0.4324,18.00,4
385,514290,514291,0,81.9949,0.3956,17.17,6
385,514291,514292,0,62.0356,0.2721,15.20,5
385,514292,514293,0,102.7393,0.5993,21.00,1
385,514293,514529,0,93.0708,0.7034,27.00,3
385,514367,514287,0,113.4282,0.5964,19.00,5
385,514369,500167,1,79.7780,0.6494,35.86,7
385,514426,514290,0,95.7036,0.5153,19.57,7
385,514449,514369,1,61.0107,0.3395,22.00,26
385,514477,514478,1,86.6028,0.5656,21.33,3
385,514478,514449,1,83.8755,0.6058,26.00,1
385,514503,518187,1,55.5381,0.2806,19.00,2
385,514530,514551,0,74.2754,0.2960,14.00,6
385,514532,514531,1,103.4922,0.6999,24.50,2
385,514551,518188,0,43.7236,0.2615,19.50,2
385,518114,518115,1,37.4487,0.1576,16.14,7
385,518115,518116,1,21.3685,0.1294,20.00,2
385,518116,518117,1,92.6113,0.5601,22.50,8
385,518118,518185,1,82.6131,0.9838,38.50,2
385,518119,518120,0,50.5962,0.2840,19.56,9
385,518120,518121,0,72.5796,0.8821,45.67,3
385,518121,518122,0,42.8959,0.2131,20.67,6
385,518122,518204,0,64.5565,0.3473,21.00,7
385,518185,514532,1,85.8567,0.5441,22.57,23
385,518188,518189,0,37.1345,0.1883,20.42,12
385,518189,518119,0,51.3727,0.3096,21.00,2
385,518204,518111,0,58.7296,0.2773,17.00,1
421,500603,502351,1,42.5527,0.2084,18.14,14
421,501001,501502,1,35.9817,0.1968,21.65,17
421,501502,501552,1,28.5843,0.1800,23.87,15
421,501552,500603,1,39.2885,0.2129,21.18,22
421,501701,501001,1,47.6881,0.2310,19.44,18
421,501753,501701,1,62.4474,0.5778,34.23,31
421,501855,501753,1,38.3795,0.2170,21.92,13
421,501951,501855,1,46.8705,0.2204,18.93,30
421,502050,502150,0,32.4569,0.1597,19.20,30
421,502150,502200,0,39.5772,0.1832,16.95,22
421,502200,502300,0,79.1455,0.4531,20.62,26
421,502351,502401,1,33.4161,0.1629,20.86,14
421,502401,502451,1,29.8015,0.2742,24.47,15
421,502451,502501,1,65.3788,0.4063,20.67,24
421,502501,502551,1,47.6109,0.1946,15.00,12
421,502551,500104,1,7.8118,0.0564,26.00,1
427,501651,519270,0,91.8950,0.4850,19.00,1
427,501652,501702,1,37.0347,0.1641,16.82,11
427,501701,501651,0,37.7389,0.2526,21.11,9
427,501702,501800,1,37.0328,0.1814,21.73,11
427,501800,501854,1,63.9284,0.2575,15.89,9
427,501854,501950,1,37.7702,0.1668,16.85,13
427,501950,502100,1,3.5284,0.0235,24.00,1
427,502101,500104,0,1.3082,0.0105,29.00,1
427,502400,512001,1,33.8797,0.1925,22.43,7
427,502401,512206,0,47.8217,0.2130,17.17,6
427,502450,512022,1,51.7985,0.2158,15.00,1
427,502451,502501,0,74.7463,0.4540,20.33,6
427,502500,502450,1,32.5002,0.1731,22.17,12
427,502501,502551,0,49.0186,0.2117,16.50,4
427,502550,502500,1,18.1253,0.0933,19.80,5
427,502551,500104,0,71.0791,0.4560,23.25,4
427,512001,513003,1,67.9981,0.4285,24.00,2
427,512021,502451,0,33.5512,0.1769,20.10,10
427,512022,512023,1,69.7668,0.2535,13.67,3
427,512023,502400,1,43.0863,0.2242,19.55,11
427,512035,512182,1,51.2310,0.2785,18.67,3
427,512144,502550,1,37.3904,0.2365,23.00,4
427,512182,512144,1,82.0193,0.5012,22.00,1
427,512206,512021,0,20.6076,0.1061,19.20,5
427,513003,519135,1,43.2109,0.1842,17.00,2
427,519117,501652,1,33.1499,0.1825,19.00,5
427,519135,519136,1,66.8484,0.2493,13.50,2
427,519136,519117,1,46.3113,0.2204,18.75,4
427,519138,519266,0,70.6399,0.3228,17.18,11
427,519164,519165,0,64.2551,0.3468,19.65,17
427,519165,502401,0,82.8522,0.4523,20.29,24
427,519266,519164,0,59.3068,0.3259,20.71,7
427,519270,519138,0,55.0873,0.3231,20.89,9
431,500200,500250,1,47.5082,0.3098,21.13,8
431,500201,504016,0,72.2092,0.3009,15.00,1
431,500250,500300,1,91.1667,0.2989,11.67,3
431,500251,500201,0,86.3007,0.3595,14.00,2
431,500300,500350,1,65.7997,0.2739,17.50,4
431,500301,500251,0,44.6768,0.2518,20.13,8
431,500350,501652,1,32.4241,0.1584,19.00,9
431,500353,500301,0,24.4080,0.1024,16.17,6
431,501405,500353,0,55.2204,0.2180,15.40,5
431,501651,501405,0,36.7295,0.2341,21.69,13
431,501652,501852,1,40.3858,0.1949,18.43,14
431,501852,501950,1,46.9526,0.2331,18.85,13
431,501853,501651,0,51.2110,0.2949,20.50,8
431,501950,502102,1,33.6337,0.2160,22.25,4
431,501951,501853,0,54.9619,0.3010,18.92,13
431,502102,502150,1,32.5815,0.1930,21.85,13
431,502150,502200,1,32.9978,0.1409,16.36,14
431,502200,502300,1,54.3399,0.2961,20.82,11
431,504019,500200,1,41.1741,0.1892,16.33,3
437,500200,500250,1,35.2609,0.2008,20.25,16
437,500201,504017,0,6.5371,0.0545,30.00,1
437,500250,500300,1,63.5542,0.2541,14.83,12
437,500251,500201,0,53.0811,0.2784,18.61,18
437,500300,500400,1,39.0462,0.2297,19.54,13
437,500301,500251,0,34.4264,0.1566,18.96,25
437,500400,500602,1,37.8598,0.2011,19.73,15
437,500401,500301,0,31.4941,0.1789,21.15,20
437,500601,500401,0,31.9216,0.1414,16.05,21
437,500602,500750,1,50.8755,0.2474,18.35,20
437,500750,500850,1,40.1613,0.1947,18.58,26
437,500850,501002,1,27.0200,0.1281,19.25,20
437,501001,501500,0,45.5113,0.2505,19.83,18
437,501002,501602,1,56.2886,0.2534,16.00,17
437,501500,501550,0,34.1266,0.2072,22.00,20
437,501550,500601,0,29.5554,0.1711,21.42,19
437,501602,501700,1,37.6106,0.2016,19.05,20
437,501700,501750,1,71.9221,0.4418,21.36,11
437,504009,500200,1,1.6679,0.0056,12.00,1
441,500158,501050,1,72.3718,0.3318,16.67,3
441,501050,501100,1,40.6540,0.1973,19.37,19
441,501051,500163,0,89.3420,0.8438,34.00,1
441,501100,501150,1,33.5950,0.1611,19.44,9
441,501101,501051,0,56.9414,0.2495,17.44,9
441,501150,501200,1,36.4378,0.1863,19.38,13
441,501151,501101,0,59.2284,0.2178,14.33,3
441,501200,501250,1,29.5438,0.1374,19.19,16
441,501201,501151,0,75.0113,0.4285,19.94,16
441,501250,501300,1,38.3170,0.1977,19.60,15
441,501251,501201,0,44.4167,0.2513,20.67,15
441,501300,501350,1,42.7551,0.1975,18.42,12
441,501301,501251,0,45.7529,0.2699,20.65,17
441,501350,501854,1,31.8969,0.1668,19.19,16
441,501851,501351,0,57.9047,0.3440,20.81,16
441,501854,501950,1,42.1126,0.2012,18.20,20
441,501950,502000,1,34.4792,0.1391,16.00,7
441,501951,501851,0,28.0667,0.1935,26.00,13
441,502000,502050,1,44.8752,0.2542,20.32,25
441,502001,501951,0,26.1393,0.1411,20.19,16
441,502050,502102,1,49.2839,0.2404,18.64,11
441,502102,502200,1,48.5134,0.2406,18.86,7
441,502200,502300,1,84.3871,0.5311,22.92,12
452,500603,502351,1,37.0353,0.1953,19.67,3
452,502351,512020,1,49.4831,0.2438,20.80,5
452,502650,502600,0,63.0613,0.1927,11.00,1
452,502700,502650,0,35.6948,0.4423,34.33,6
452,502750,503003,0,38.8726,0.2268,21.00,1
452,502751,502851,1,82.2459,2.8242,115.50,2
452,502851,502901,1,49.4945,0.3197,20.00,6
452,502900,502850,0,75.7362,0.4243,20.57,7
452,502901,500603,1,99.8533,0.5825,21.00,1
452,503003,502700,0,64.5476,0.3109,17.17,6
452,503005,502751,1,61.0136,0.3266,19.36,14
452,512020,512021,1,35.6949,0.1932,18.00,2
452,512021,512022,1,44.9215,0.2284,19.75,8
552,500113,500114,1,22.3779,0.1678,27.00,1
553,513318,513316,1,0.8884,0.0049,20.00,1
651,515078,515245,1,63.1949,0.3588,20.00,4
651,515239,515240,1,38.8036,0.1320,19.50,2
651,515240,515241,1,2.8981,0.0121,15.00,1
651,515241,515139,1,50.9223,0.1943,15.63,8
651,515246,515239,1,111.3124,0.4020,13.00,1
1472,501000,501600,1,51.5213,0.2119,17.60,10
1472,501003,501403,0,31.0786,0.1516,18.72,18
1472,501101,501051,0,44.9668,0.2061,15.85,13
1472,501151,501101,0,55.2009,0.2174,15.71,7
1472,501201,501151,0,53.7089,0.3059,20.40,20
1472,501251,501201,0,47.9059,0.2282,17.07,14
1472,501301,501251,0,57.5457,0.2994,17.94,17
1472,501351,501301,0,45.7525,0.2001,16.44,9
1472,501402,501000,1,56.5802,0.2628,18.00,21
1472,501403,501351,0,65.2094,0.4306,23.47,38
1472,501600,501650,1,27.1610,0.2188,29.00,1
1472,501603,501003,0,45.9450,0.2110,16.60,10
1472,501650,501700,1,46.8341,0.2507,19.25,16
1472,501653,501603,0,14.3230,0.1503,25.43,7
1472,501700,501752,1,37.3202,0.2071,20.25,16
1472,501752,501802,1,51.0089,0.2077,16.06,18
1472,501802,501851,1,72.9047,0.4434,21.50,6
1571,501000,501700,1,32.1682,0.1876,21.00,1
1571,501003,501403,0,41.4551,0.1614,16.75,8
1571,501403,502950,0,31.6271,0.1452,17.00,7
1571,501603,501003,0,40.6847,0.2443,22.09,11
1571,501653,501603,0,16.3241,0.1014,21.11,9
1571,501752,501800,1,36.8786,0.1573,17.92,12
1571,501800,501850,1,77.1094,0.4164,19.12,17
1571,501850,502600,0,28.5852,57.0036,7179.00,1
1571,502650,502600,0,24.2500,0.1205,19.08,13
1571,502700,502650,0,64.7207,0.4797,25.03,36
1571,502750,503002,0,41.1828,0.1651,15.71,7
1571,502800,502750,0,39.2930,1.2360,52.86,7
1571,502850,502800,0,71.2478,1.4577,72.33,6
1571,502900,502850,0,55.5310,0.2436,15.13,8
1571,502950,502900,0,52.8577,0.2349,16.00,1
1571,503002,502700,0,61.9812,0.3835,21.65,23
2101,501405,501502,1,39.2255,0.1531,15.29,7
2101,501502,501552,1,25.8247,0.2042,28.00,2
2101,502250,502303,0,49.0329,0.2735,21.65,20
2101,511006,502250,0,67.2019,0.3222,16.27,11
2101,511008,511006,0,83.6385,0.4312,18.25,4
2101,516049,511012,0,34.7127,0.1831,20.00,14
2101,516051,516049,0,11.9266,0.0894,27.00,1
2101,516053,516051,0,27.2724,0.1818,24.00,1
2101,516055,516110,0,45.8726,0.2548,20.00,3
2101,516057,516055,0,22.3510,0.1564,25.67,3
2101,516059,516057,0,13.8335,0.1012,27.50,2
2101,516061,516059,0,71.6432,0.4391,22.27,11
2101,516063,516061,0,43.3456,0.3216,28.00,3
2101,516066,516063,0,20.4167,0.1092,20.13,30
2101,516072,516074,1,90.6027,0.5729,22.74,19
2101,516076,516079,1,37.1017,0.2118,21.80,5
2101,516079,519022,1,66.8006,0.2948,15.20,5
2101,516110,516053,0,59.7943,0.2894,18.40,5
2101,519022,519290,1,38.6852,0.2285,23.80,5
2101,519026,501405,1,32.1112,0.1728,21.71,7
2101,519290,519026,1,43.1831,0.3077,23.20,5
2102,511104,511105,0,110.8862,0.7719,25.25,4
2102,511105,511305,0,83.3430,0.3393,14.67,3
2102,511242,511279,0,94.8917,0.5404,19.67,3
2102,511279,511284,0,73.4206,0.3772,20.33,3
2102,511281,502301,0,42.5906,0.2322,19.70,10
2102,511284,511281,0,81.4293,0.5551,25.40,5
2102,511305,511242,0,63.9217,0.3561,20.00,4
2102,516079,519022,1,33.1127,0.2178,21.33,3
2102,516129,516130,0,37.2881,0.1797,17.50,2
2102,516130,516228,0,70.0403,0.3773,16.00,2
2102,516205,516129,0,81.2260,0.4853,20.43,7
2102,516207,516205,0,34.8537,0.1747,22.25,4
2102,516209,516207,0,24.3641,0.1218,18.00,1
2102,516211,516209,0,56.4443,0.3124,21.00,5
2102,516212,516214,1,27.9378,0.1338,21.25,8
2102,516214,516216,1,49.6629,0.2689,19.75,4
2102,516216,516218,1,77.7667,0.4897,22.43,7
2102,516218,516220,1,94.7397,0.5314,20.57,7
2102,516220,516079,1,56.2191,0.2913,21.00,5
2102,516224,511104,0,50.3569,0.2911,20.60,15
2102,516226,516224,0,68.5311,0.2221,12.40,5
2102,516228,516226,0,41.0882,0.2517,23.00,7
2102,516237,516238,1,49.1806,0.2389,18.00,5
2102,516238,516212,1,52.3307,0.2324,15.86,7
2102,519022,519148,1,86.5676,0.4814,21.00,8
2102,519061,501400,1,64.5418,0.5752,30.33,3
2102,519148,519061,1,25.6816,0.1148,20.00,3
2104,500751,500952,0,37.4452,0.2235,21.86,7
2104,500952,519025,0,83.4275,0.4321,19.58,12
2104,501405,501451,1,53.8722,0.1880,14.00,4
2104,501451,501501,1,42.6593,0.2079,18.80,10
2104,501501,500751,1,62.3795,0.3329,19.70,10
2104,502301,514001,1,36.8067,0.1378,16.60,5
2104,511109,516184,1,33.4615,0.1718,20.00,4
2104,511279,511242,0,41.1667,0.1446,12.50,2
2104,511281,502301,0,57.2065,0.2759,20.31,13
2104,511281,511284,0,62.9648,0.4373,25.00,1
2104,511284,511279,0,4.7726,0.0331,25.00,2
2104,511301,511422,1,61.3730,0.3505,19.33,3
2104,511349,511237,1,13.5770,0.0987,21.00,2
2104,511422,511423,1,74.6135,0.2952,16.00,2
2104,511423,511109,1,56.4203,0.3312,22.60,5
2104,516078,516221,0,3.8925,0.0184,17.00,1
2104,516079,519022,1,113.5784,0.4417,14.00,1
2104,516146,516147,1,44.9341,0.1248,10.00,1
2104,516147,516148,1,33.0819,0.1287,14.00,1
2104,516148,516149,1,31.9331,0.1439,16.67,3
2104,516213,516005,0,84.0998,0.4893,22.17,12
2104,516215,516213,0,89.8917,0.4333,18.20,5
2104,516216,516218,1,54.5688,0.3227,20.20,10
2104,516217,516215,0,37.1934,0.2317,23.00,5
2104,516218,516220,1,96.9786,0.5611,21.10,10
2104,516219,516217,0,41.7989,0.2807,24.57,7
2104,516220,516079,1,45.6217,0.2171,16.60,5
2104,516221,516219,0,37.4049,0.1845,19.67,6
2104,516250,516146,1,9.9448,0.0629,21.25,4
2104,516256,516257,1,59.7043,0.3317,20.00,1
2104,516257,516216,1,50.5504,0.3324,22.56,9
2104,519021,516078,0,25.2027,0.1540,22.00,1
2104,519022,519290,1,63.4593,0.2380,14.17,6
2104,519025,519142,0,12.2172,0.0407,12.00,1
2104,519026,501405,1,47.6962,0.2013,17.25,8
2104,519142,519021,0,26.5649,0.1086,21.50,2
2104,519290,519026,1,71.3165,0.2871,16.57,7
2121,504008,500202,1,76.1777,0.4694,22.50,8
2121,511276,511278,0,69.9929,0.3718,18.74,19
2121,511278,511279,0,87.5674,0.4113,18.00,5
2121,511279,511284,0,43.4795,0.2237,18.46,13
2121,511281,502301,0,62.1020,0.3233,18.75,12
2121,511284,511281,0,66.1315,0.3692,19.33,15
2121,512003,513259,1,31.9209,0.1351,16.00,11
2121,512017,512209,1,85.7810,0.7186,32.60,5
2121,512018,513262,1,29.7251,0.2289,25.50,2
2121,513257,512003,1,39.6615,0.2096,16.00,3
2121,513258,500100,1,51.7872,0.4225,23.00,2
2121,513259,513261,1,11.4355,0.0526,16.67,3
2121,513260,512004,1,61.9089,0.2380,14.00,2
2121,513261,512017,1,38.4292,0.1699,16.67,3
2121,513262,513260,1,64.8311,0.3508,17.00,4
2121,514415,502600,1,65.1626,0.4548,21.67,3
2121,516193,511276,0,28.5317,0.1150,18.57,7
2141,500151,514401,0,108.5726,0.8746,29.00,1
2141,502301,514001,1,37.2366,0.1973,20.25,4
2141,511222,511283,1,7.2189,0.0361,18.00,1
2141,511276,511278,0,72.1943,0.3424,18.00,9
2141,511277,511298,1,78.5367,0.2305,10.75,4
2141,511278,511279,0,76.7328,0.3701,18.50,2
2141,511279,511284,0,114.6208,0.5413,17.00,1
2141,511281,502301,0,78.9410,0.3847,18.86,7
2141,511281,511222,1,102.6014,0.4178,14.67,6
2141,511282,511281,1,90.2255,0.4246,17.00,3
2141,511283,511277,1,32.9251,0.1969,22.20,5
2141,511284,511281,0,71.3888,0.4445,21.14,7
2141,511298,511275,1,61.4739,0.5294,31.00,1
2141,514001,511282,1,34.2511,0.2445,22.50,2
2141,514076,514377,1,29.6721,0.1885,22.00,9
2141,514278,515061,0,115.8383,0.3861,12.00,1
2141,514368,514369,1,32.2298,0.0985,11.00,1
2141,514369,500151,1,78.4268,0.6161,27.89,9
2141,514371,514381,1,19.7949,0.0660,12.00,1
2141,514373,514431,1,58.0463,0.3225,20.00,1
2141,514374,514376,0,79.8566,0.5574,25.60,5
2141,514376,514278,0,108.3174,0.5115,17.00,1
2141,514377,514443,1,13.3070,0.0637,17.50,2
2141,514381,514368,1,28.3008,0.1368,20.00,2
2141,514382,514367,0,26.3848,0.1612,22.00,1
2141,514400,514370,0,68.1990,0.4763,26.00,3
2141,514401,514382,0,82.8137,0.5061,22.00,1
2141,514415,514076,1,97.9298,0.5482,20.00,2
2141,514431,514371,1,68.6910,0.4295,24.14,7
2141,514443,514384,1,48.3105,0.2795,25.33,3
2141,514541,514374,0,77.3055,0.3538,17.43,7
2141,515011,515015,1,29.6945,0.1267,15.50,2
2141,515014,515010,0,72.0584,0.3172,19.00,4
2141,515018,515022,0,81.1729,0.5174,22.25,4
2141,515019,515011,1,12.0073,0.0765,20.33,3
2141,515021,514379,1,101.1857,0.3373,12.00,1
2141,515022,515023,0,56.5180,0.2597,18.00,2
2141,515023,515196,0,65.7000,0.3927,22.75,4
2141,515025,515041,1,72.3427,0.4638,21.75,4
2141,515041,515042,1,58.3759,0.2084,14.33,3
2141,515042,515043,1,14.2037,0.0592,15.00,1
2141,515043,515044,1,43.2879,0.1637,14.17,6
2141,515044,515045,1,111.4944,0.7433,24.00,1
2141,515045,515009,1,73.9686,0.3896,20.00,13
2141,515054,516080,0,106.4506,0.6459,22.00,4
2141,515141,515025,1,87.0674,0.3628,15.00,1
2141,515143,516230,0,52.2349,0.2650,17.50,4
2141,515145,516089,1,60.3262,0.3401,18.75,4
2141,515146,515141,1,75.0785,0.5582,26.75,4
2141,515153,516088,0,53.8525,0.1919,13.00,2
2141,515161,516085,1,84.6355,1.1520,49.00,1
2141,515196,516107,0,39.0511,0.1519,14.00,1
2141,516080,516081,0,45.8638,0.2367,21.00,11
2141,516081,516084,0,37.4083,0.2422,23.71,7
2141,516084,515153,0,60.8206,0.3812,22.63,8
2141,516085,515146,1,45.2187,0.2709,22.78,9
2141,516088,516090,0,42.7350,0.1781,15.00,1
2141,516089,515161,1,60.7654,0.3573,22.00,6
2141,516107,516108,0,110.4122,0.5827,19.00,1
2141,516138,516194,1,94.4665,0.4634,18.00,4
2141,516192,516138,1,45.9760,0.1506,12.00,2
2141,516193,511276,0,29.4276,0.1284,15.33,3
2141,516194,516196,1,10.0628,0.0688,25.17,6
2141,516195,516139,0,55.9195,0.2063,14.00,3
2141,516196,516234,1,46.4043,0.2320,18.00,1
2141,516230,516195,0,77.8763,0.5192,24.00,1
2141,516234,515144,1,21.2822,0.1537,26.00,1
2211,511019,511324,1,76.5620,0.3527,17.33,6
2211,511033,502312,1,38.6622,0.1735,14.60,5
2211,511034,511100,0,91.7870,0.5582,22.00,7
2211,511098,511099,0,20.7094,0.1095,20.25,4
2211,511099,511274,0,52.2321,0.2659,18.20,5
2211,511100,511223,0,70.5060,0.3891,20.33,6
2211,511223,511319,0,71.3146,0.3596,18.00,2
2211,511226,511033,1,15.7589,0.0807,18.50,2
2211,511275,516192,0,96.7261,0.5374,20.00,1
2211,511276,511485,1,83.5760,0.3635,15.80,5
2211,511319,511321,0,27.0047,0.1312,18.20,5
2211,511320,511318,1,70.9552,0.3921,21.00,2
2211,511321,511323,0,71.8972,0.3876,19.50,2
2211,511322,511320,1,22.5894,0.1407,23.00,2
2211,511323,511098,0,48.7860,0.2232,17.00,7
2211,511324,511322,1,104.2568,0.6808,23.50,2
2211,511329,511226,1,59.0645,0.1921,11.50,2
2211,511485,511019,1,76.0663,0.2866,14.50,4
2211,515143,516230,1,27.9086,0.1400,20.00,2
2211,515144,516092,0,46.0355,0.2670,20.75,4
2211,516092,516094,0,38.2084,0.1351,11.67,3
2211,516094,516096,0,71.8148,0.3506,18.25,8
2211,516096,516264,0,38.1576,0.1998,18.83,18
2211,516138,516194,0,62.0916,0.3553,23.33,6
2211,516192,516138,0,53.3605,0.3611,23.00,4
2211,516194,516196,0,10.0125,0.0501,18.00,1
2211,516195,516139,1,30.6897,0.1484,16.50,2
2211,516196,516234,0,27.5148,0.2139,25.00,4
2211,516230,516195,1,14.5937,0.0608,15.00,1
2211,516264,518033,0,55.6050,0.1851,11.80,5
2211,518016,518045,0,55.4270,0.2711,18.44,9
2211,518033,518035,0,61.6120,0.3562,20.00,3
2211,518035,518037,0,64.5682,0.3831,21.40,5
2211,518037,518083,0,15.2286,0.1079,26.00,3
2211,518082,518154,0,92.5251,0.3590,14.25,4
2211,518084,518085,0,29.7018,0.1633,22.67,6
2211,518085,502901,0,40.2877,0.1880,19.00,8
2211,518154,518016,0,20.3301,0.1174,22.50,6
2212,511276,511278,1,74.3362,0.4193,20.42,19
2212,511278,511279,1,69.0815,0.3693,20.00,5
2212,511279,511284,1,47.6293,0.2509,20.64,11
2212,511281,502301,1,53.1813,0.3154,23.11,18
2212,511284,511281,1,91.5172,0.6399,25.50,6
2212,513013,513062,0,63.3613,0.3715,21.86,7
2212,513048,513251,0,65.4351,0.2925,17.33,9
2212,513062,513111,0,46.8704,0.1955,16.25,4
2212,513103,513105,0,62.5164,0.2657,14.83,6
2212,513105,513107,0,61.9480,0.2871,18.00,9
2212,513107,513013,0,70.8974,0.3113,17.50,6
2212,513111,513113,0,47.6793,0.1994,15.50,4
2212,513113,513048,0,18.1062,0.1081,22.00,2
2212,513251,513256,0,52.9958,0.2692,19.33,9
2212,513256,500101,0,63.8667,0.3132,16.67,3
2212,515143,516230,1,58.9010,0.2786,17.00,8
2212,516139,511276,1,25.4172,0.1286,17.50,6
2212,516195,516139,1,36.9836,0.2139,21.00,7
2212,516230,516195,1,67.7256,0.2846,15.38,8
2212,518189,518051,0,30.1227,0.1569,20.00,9
2241,500203,513058,1,71.2309,0.3653,19.00,2
2241,504010,513048,0,43.4500,0.2573,22.25,4
2241,512019,513252,1,33.3595,0.1913,21.00,6
2241,513013,513062,0,56.5801,0.3382,21.86,7
2241,513014,513140,1,55.1537,0.2783,15.67,3
2241,513048,513251,0,59.0462,0.3167,19.30,10
2241,513058,513203,1,64.2354,0.2781,14.50,2
2241,513062,513111,0,41.5033,0.1895,18.00,9
2241,513063,513231,1,31.3471,0.1045,12.00,1
2241,513103,513300,0,51.1382,0.2263,16.38,8
2241,513104,514014,1,34.6055,0.1945,20.33,9
2241,513106,513104,1,74.5216,0.5087,24.44,9
2241,513107,513013,0,57.2734,0.2928,18.83,6
2241,513112,513063,1,74.3283,0.2419,11.50,2
2241,513140,513106,1,83.5430,0.3863,17.00,6
2241,513172,500203,1,32.5627,0.1859,19.33,9
2241,513203,513112,1,27.3904,0.1446,19.00,1
2241,513231,513014,1,33.9942,0.1991,20.75,8
2241,513251,513256,0,56.6992,0.3274,21.00,10
2241,513252,513172,1,110.9980,0.3392,11.00,1
2241,513256,500100,0,110.2489,0.4594,15.00,1
2241,513300,513107,0,63.5266,0.3295,20.17,6
2241,514010,514399,1,48.4055,0.2824,21.00,1
2241,514012,514010,1,63.1789,0.2879,18.75,8
2241,514013,513103,0,68.0025,0.3783,21.14,7
2241,514014,514012,1,28.5594,0.1190,15.00,1
2241,514150,514413,0,65.1999,0.3928,21.40,5
2241,514156,500154,1,70.4853,0.5239,24.88,16
2241,514345,514156,1,58.9519,0.3078,19.25,8
2241,514413,514414,0,55.0394,0.1948,14.00,6
2241,514414,514013,0,64.9937,0.3022,16.33,18
2242,500150,514157,0,40.8410,0.2560,20.80,10
2242,512152,512178,0,49.5803,0.2395,17.60,15
2242,512178,512024,0,76.9968,0.4214,21.18,17
2242,512205,512152,0,47.4405,0.2273,17.21,19
2242,513219,513220,1,77.1810,0.5247,23.00,6
2242,513220,513234,1,48.5270,0.3116,24.50,10
2242,513233,514312,1,35.5695,0.1776,21.40,5
2242,513234,513233,1,68.3921,0.3583,18.33,3
2242,514080,514154,0,70.4966,0.4254,21.50,12
2242,514126,514128,1,72.9049,0.5419,22.67,3
2242,514128,514130,1,30.2702,0.2018,24.00,1
2242,514130,514132,1,40.4877,0.2365,21.50,8
2242,514132,514134,1,56.1912,0.1561,10.00,1
2242,514133,514131,0,48.5519,0.2159,17.86,7
2242,514134,514347,1,41.7661,0.1679,15.50,2
2242,514154,514346,0,70.9266,0.4252,22.50,4
2242,514156,500150,1,69.9791,0.3793,19.94,18
2242,514157,514080,0,58.6701,0.3170,19.59,17
2242,514312,514314,1,57.0033,0.2816,18.67,6
2242,514314,514126,1,51.3659,0.2154,15.83,6
2242,514345,514156,1,39.5206,0.1557,15.88,8
2242,514346,514133,0,44.4054,0.1600,13.00,3
2243,500103,513254,0,67.4912,0.3066,16.67,3
2243,500154,514401,1,117.4669,0.7505,23.00,1
2243,500203,513058,0,38.8492,0.2062,19.50,2
2243,512019,513252,0,55.0313,0.2037,16.33,3
2243,513013,513062,1,92.8652,0.5301,21.00,2
2243,513014,513309,0,119.1217,0.4963,15.00,1
2243,513048,513251,1,56.8112,0.2843,18.00,3
2243,513062,513111,1,54.8135,0.2340,14.67,3
2243,513063,513231,0,66.7281,0.2039,11.00,1
2243,513103,513300,1,52.0017,0.2725,18.80,5
2243,513104,514014,0,46.0770,0.2488,22.00,8
2243,513106,513104,0,99.1777,0.5793,21.33,3
2243,513111,513113,1,56.4116,0.3619,22.25,4
2243,513112,513063,0,56.2403,0.2204,14.00,2
2243,513113,513048,1,43.7228,0.1841,16.00,3
2243,513140,513106,0,71.9815,0.3914,20.00,2
2243,513203,513112,0,54.6365,0.3119,20.00,2
2243,513231,513014,0,28.2782,0.1725,23.50,2
2243,513251,513256,1,67.7792,0.3914,21.25,8
2243,513252,513325,0,65.0013,0.2262,12.75,4
2243,513300,513107,1,51.0989,0.2271,18.60,5
2243,513325,513326,0,65.0348,0.4313,25.00,2
2243,513326,500203,0,20.3059,0.0851,16.60,5
2243,513327,513013,1,63.0104,0.3088,17.67,3
2243,514010,514399,0,69.3394,0.4145,22.00,5
2243,514012,514010,0,49.5700,0.2713,18.40,5
2243,514013,513103,1,74.5016,0.4561,22.25,4
2243,514014,514012,0,46.5329,0.1939,15.00,1
2243,514026,514027,0,22.0473,0.0964,20.50,2
2243,514027,514554,0,38.4629,0.6299,47.50,2
2243,514028,514029,0,71.6836,0.4402,22.50,2
2243,514029,514030,0,71.9115,0.4063,20.50,2
2243,514046,514047,1,7.8461,0.0545,25.00,1
2243,514047,514048,1,42.1571,0.3899,52.00,7
2243,514048,514538,1,48.2903,0.2415,18.00,1
2243,514049,514050,1,77.6385,0.3571,18.00,3
2243,514050,514051,1,45.3582,0.2862,21.80,5
2243,514051,514052,1,72.7140,0.3002,15.71,7
2243,514054,514055,1,69.3734,0.4625,24.00,1
2243,514055,514056,1,47.4969,0.2548,19.80,5
2243,514056,500154,1,58.0710,0.8617,40.13,8
2243,514080,514154,1,39.6550,0.1773,16.83,6
2243,514150,514413,1,99.3207,0.5501,19.00,2
2243,514154,514412,1,70.8188,0.4408,23.60,5
2243,514156,500165,0,94.6495,0.3944,15.00,1
2243,514157,514080,1,57.2961,0.3154,21.43,7
2243,514322,514465,0,106.3691,0.2955,10.00,1
2243,514345,514156,0,83.0071,0.3640,14.50,2
2243,514401,514157,1,79.4553,0.4894,22.25,4
2243,514414,514013,1,48.4090,0.2806,23.17,6
2243,514538,514049,1,57.1554,0.3041,20.60,5
2273,501101,518030,0,52.5292,0.3070,19.57,7
2273,501151,501101,0,47.1294,0.1926,17.50,6
2273,502050,502100,1,38.1905,0.2028,20.82,11
2273,502100,502150,1,31.4649,0.1447,18.22,9
2273,502150,502200,1,36.8527,0.1838,16.86,14
2273,502200,502250,1,66.8386,0.3792,20.00,17
2273,502250,502303,1,55.8177,0.3410,28.23,13
2273,513013,513062,0,78.4122,0.4010,19.20,5
2273,513048,513251,0,53.1786,0.4163,23.33,3
2273,513062,513111,0,59.2825,0.2437,15.67,3
2273,513103,513105,0,41.0991,0.2454,22.17,6
2273,513105,513107,0,46.6989,0.2851,22.57,7
2273,513107,513013,0,62.3945,0.3633,21.00,5
2273,513111,513113,0,47.7448,0.2376,18.40,5
2273,513113,513048,0,46.5951,0.2416,19.17,6
2273,513251,513256,0,72.8397,0.3482,17.20,10
2273,513256,500101,0,101.0921,0.5441,19.67,3
2273,514002,514409,0,62.9017,0.3067,18.35,20
2273,514009,514011,0,34.8550,0.2614,27.00,1
2273,514011,514013,0,77.0612,0.4463,20.52,21
2273,514013,513103,0,55.2473,0.2541,18.59,17
2273,514409,514410,0,5.4899,0.0198,13.00,1
2273,514410,514009,0,62.7444,0.3619,21.73,11
2273,516018,516048,0,44.3056,0.1812,16.55,11
2273,516025,517200,1,63.0252,0.3253,19.65,20
2273,516027,516025,1,44.7818,0.3110,25.00,1
2273,516031,516122,1,47.0383,0.1896,15.00,5
2273,516033,516031,1,23.5379,0.1121,18.33,6
2273,516035,516033,1,38.5669,0.1943,18.25,8
2273,516037,516035,1,42.9869,0.1951,18.00,8
2273,516042,516044,0,90.5347,0.4884,19.67,9
2273,516044,516018,0,38.6017,0.2327,22.00,4
2273,516048,518154,0,11.9664,0.0665,20.00,1
2273,516122,516027,1,71.8250,0.4386,22.40,5
2273,517125,516037,1,76.6475,0.4852,22.50,14
2273,517200,502050,1,45.2270,0.1941,15.54,13
2273,518016,518019,0,87.9640,0.4946,19.73,11
2273,518019,518021,0,81.8795,0.6796,30.00,3
2273,518021,518023,0,87.2286,0.5169,21.80,5
2273,518025,518027,0,52.1392,0.3734,23.20,5
2273,518027,518153,0,21.1787,0.1600,28.00,3
2273,518153,501151,0,83.2716,0.4542,20.00,30
2273,518154,518016,0,32.8479,0.1485,18.83,12
2273,519015,517125,1,79.7998,0.4871,22.00,2
2273,519017,519015,1,91.4624,0.4319,17.00,1
2273,519019,519017,1,48.0515,0.2801,21.00,7
2273,519020,516042,0,53.6031,0.3470,20.00,2
2274,500105,502100,0,3.9314,0.2197,2925.00,2
2274,500107,513254,1,75.3323,0.4399,20.00,3
2274,500600,500900,1,50.7294,0.2328,18.00,2
2274,500601,512070,0,35.3218,0.1611,19.64,11
2274,500900,500951,1,70.0348,0.4128,21.22,9
2274,500951,501000,1,43.1876,0.1969,16.90,10
2274,501001,501401,0,52.2793,0.2394,16.50,8
2274,501401,501451,0,61.3139,0.2867,18.69,13
2274,501451,501501,0,64.9805,0.5029,24.33,12
2274,501501,501551,0,46.0103,0.2389,21.70,10
2274,501551,500601,0,44.7314,0.2233,19.40,15
2274,501900,502000,1,34.0075,0.1957,20.33,6
2274,502100,517131,0,47.0735,0.1824,21.25,4
2274,502551,500105,0,63.9309,0.2972,17.00,4
2274,512003,513259,1,31.5159,0.1724,21.00,2
2274,512005,513271,1,40.0209,0.1681,16.25,12
2274,512007,513272,1,60.0017,0.2655,16.86,7
2274,512008,513279,0,79.8911,0.3401,15.25,4
2274,512017,512210,1,44.1304,0.2346,19.25,12
2274,512024,500600,1,43.6260,0.2585,20.00,12
2274,512042,512043,0,50.6899,0.4365,31.00,1
2274,512043,512044,0,56.8470,0.3224,21.00,3
2274,512044,502551,0,61.8939,0.3635,30.00,8
2274,512069,512008,0,46.5007,0.3210,23.67,9
2274,512070,512069,0,38.5759,0.2300,20.18,11
2274,512149,512154,0,61.0728,0.3065,19.11,9
2274,512151,513269,1,77.6889,0.3441,17.00,9
2274,512154,513016,0,55.7860,0.2915,20.67,6
2274,512178,512024,1,66.4385,0.3895,21.89,9
2274,512210,513265,1,63.8540,0.3591,21.31,13
2274,513254,513253,1,97.2951,0.5676,21.00,1
2274,513257,512003,1,24.8347,0.0792,12.50,4
2274,513259,513261,1,50.7153,0.2422,20.00,3
2274,513261,512017,1,29.2261,0.1705,21.00,1
2274,513265,512151,1,52.1325,0.3148,22.21,19
2274,513268,512041,0,67.1847,0.2800,15.00,3
2274,513269,513015,1,59.3876,0.2689,18.33,9
2274,513270,513268,0,46.8817,0.3417,22.33,3
2274,513271,512007,1,34.6110,0.1814,19.20,10
2274,513272,513273,1,75.2278,0.5240,24.57,7
2274,513273,512178,1,41.6138,0.2145,20.00,13
2274,513279,513280,0,49.7687,0.2990,22.25,12
2274,513280,512149,0,45.0046,0.2389,20.67,9
2274,517007,517008,0,49.2752,0.2050,14.25,4
2274,517008,517009,0,59.8244,0.3659,22.40,5
2274,517009,517106,0,67.1604,0.3947,21.67,21
2274,517102,517103,0,50.4169,0.3036,23.00,2
2274,517103,517104,0,79.9589,0.3998,18.00,1
2274,517104,517105,0,80.5174,0.3936,18.67,9
2274,517106,517280,0,30.5917,0.1335,18.67,3
2274,517108,519027,0,49.1337,0.2484,18.27,11
2274,517109,517110,1,20.9680,0.1090,20.20,5
2274,517110,517111,1,70.7906,0.2925,15.00,4
2274,517111,517113,1,64.8027,0.4696,26.60,5
2274,517113,517190,1,68.1628,0.2975,18.00,2
2274,517115,517215,1,70.0828,0.4347,21.54,13
2274,517117,501900,1,64.0425,0.3402,19.56,9
2274,517131,517102,0,66.1733,0.3516,21.00,5
2274,517190,517208,1,48.6618,0.2699,21.07,15
2274,517208,517211,1,64.8267,0.3357,18.78,9
2274,517211,517115,1,71.8887,0.3759,18.50,4
2274,517215,517117,1,60.2288,0.3454,20.33,3
2274,519027,519028,0,75.7867,0.3675,17.33,3
2274,519028,519029,0,56.0231,0.3045,20.15,20
2274,519029,519030,0,39.2354,0.1869,19.89,9
2274,519030,519031,0,25.8271,0.2224,31.00,1
2274,519031,501001,0,59.2899,0.3315,20.38,26
2274,519288,517109,1,41.2635,0.1917,18.83,6
2301,500103,513254,0,66.4041,0.4608,23.78,9
2301,500600,500750,1,55.1282,0.2687,17.50,10
2301,500750,500850,1,57.9961,0.2414,15.20,15
2301,500850,500951,1,70.0188,0.4084,21.00,1
2301,500951,501401,1,36.9611,0.2884,28.50,2
2301,512007,513272,1,60.9975,0.2811,18.22,9
2301,512018,513262,0,30.1168,0.1422,17.00,1
2301,512019,513252,0,38.7179,0.2324,21.11,9
2301,512024,500600,1,52.3862,0.3012,18.73,15
2301,512178,512024,1,69.5202,0.3464,19.92,24
2301,513049,513050,0,88.7985,0.5711,22.92,12
2301,513050,500202,0,78.0483,0.4090,19.71,7
2301,513252,513049,0,82.6023,0.3491,15.50,4
2301,513254,512019,0,24.3906,0.0813,12.00,1
2301,513258,500103,0,55.0584,0.3094,22.86,7
2301,513260,512004,0,50.0143,0.1389,10.00,1
2301,513262,513260,0,72.2153,0.3781,17.50,6
2301,513264,512018,0,49.8324,0.2506,16.67,9
2301,513271,512007,1,67.6443,0.3640,20.29,14
2301,513272,513273,1,62.6914,0.3399,21.00,8
2301,513273,512178,1,53.4361,0.2451,17.94,18
2401,500150,514157,1,17.5316,0.0970,18.50,8
2401,500750,500851,0,35.2553,0.1570,16.88,8
2401,500851,519139,0,72.0393,0.4225,20.78,9
2401,501550,500750,0,59.6746,0.3719,23.07,14
2401,514019,514386,1,43.8955,0.2330,19.27,11
2401,514080,514154,1,87.3272,0.5188,20.88,8
2401,514116,519045,1,44.9113,0.2791,24.57,7
2401,514119,514343,1,54.2690,0.2003,13.60,5
2401,514120,514262,0,30.5833,0.1225,20.33,3
2401,514133,514396,1,84.8824,0.4286,19.50,4
2401,514134,514347,0,22.5528,0.0892,14.67,3
2401,514154,514346,1,59.3063,0.2920,17.90,10
2401,514156,500150,0,70.8826,0.4441,23.00,3
2401,514157,514080,1,42.3224,0.2406,21.06,16
2401,514257,514392,1,47.2037,0.2507,19.67,6
2401,514258,514259,0,24.9329,0.0870,12.33,3
2401,514259,514260,0,89.2052,0.5002,21.29,7
2401,514260,514261,0,21.6067,0.0600,10.00,1
2401,514261,514120,0,43.7022,0.2040,17.83,6
2401,514262,514387,0,48.5967,0.2810,22.00,3
2401,514263,514344,0,99.5952,0.6916,25.00,1
2401,514342,514257,1,82.3568,1.0710,42.86,7
2401,514343,514115,1,99.7322,0.5734,20.67,3
2401,514345,514156,0,58.4839,0.1625,10.00,1
2401,514346,514133,1,78.0889,0.3693,16.25,4
2401,514347,514345,0,38.3377,0.1597,15.00,1
2401,514386,514119,1,48.3534,0.2423,19.80,5
2401,514387,514389,0,62.1408,0.4143,24.00,2
2401,514388,514019,1,67.5595,0.4349,23.33,12
2401,514389,514391,0,69.8868,0.3434,18.50,12
2401,514390,514388,1,55.9383,0.2995,20.13,8
2401,514391,514393,0,109.1272,1.2583,41.50,2
2401,514392,514390,1,52.2900,0.2753,20.63,19
2401,514393,514263,0,108.0590,1.2631,42.33,3
2401,514397,514134,0,66.1473,0.2695,13.80,5
2401,519045,519054,1,83.2297,0.4196,19.40,5
2401,519047,501550,1,87.5817,1.1218,47.50,2
2401,519054,519047,1,36.3964,0.2109,21.57,7
2401,519139,519140,0,65.4815,0.3380,19.71,7
2401,519140,519141,0,37.6428,0.1798,18.44,9
2401,519141,514258,0,56.1706,0.3496,20.50,12
2402,513104,514110,0,87.3776,0.5757,21.00,2
2402,513106,513104,0,83.5450,0.4412,19.75,4
2402,513130,513134,1,113.1117,0.4399,14.00,1
2402,513140,513106,0,48.5370,0.3101,24.50,2
2402,514110,514112,0,97.7819,0.6790,25.00,1
2402,514112,514218,0,53.1678,0.2558,17.33,3
2402,514152,514153,0,44.7733,0.2055,17.00,3
2402,514153,514154,0,50.0077,0.2371,17.67,3
2402,514154,514155,0,59.7559,0.2578,17.80,5
2402,514156,500160,0,76.6004,0.6000,26.00,3
2402,514218,514152,0,25.8780,0.1207,16.50,2
2402,519047,501552,1,61.1949,0.3755,21.00,3
2402,519054,519047,1,62.0072,0.2922,16.60,5
2471,500151,514401,1,45.2422,0.1717,16.20,5
2471,501752,501850,1,68.7274,0.4213,22.00,5
2471,501850,517175,0,81.7410,0.5188,23.50,14
2471,514076,514377,0,58.4850,0.3019,19.87,15
2471,514278,515061,1,84.1992,0.4551,19.80,5
2471,514367,514400,1,77.0809,0.3818,18.00,2
2471,514368,514369,0,49.7692,0.1521,11.00,1
2471,514369,500151,0,57.9755,0.4319,25.89,18
2471,514370,514417,1,57.6610,0.1762,11.00,1
2471,514371,514381,0,26.3836,0.1553,22.00,3
2471,514373,514431,0,37.7977,0.1421,14.75,4
2471,514374,514376,1,69.4428,0.4767,24.31,13
2471,514377,514443,0,10.7108,0.0531,22.50,2
2471,514381,514368,0,60.4896,0.1866,13.00,2
2471,514382,514367,1,54.3273,0.2621,18.00,2
2471,514384,514373,0,22.9336,0.1720,27.00,1
2471,514400,514370,1,77.3795,0.4481,21.15,13
2471,514401,514382,1,93.2717,0.3472,14.25,4
2471,514415,514076,0,59.3157,0.2942,18.00,4
2471,514417,514372,1,80.5749,0.3560,17.60,5
2471,514431,514371,0,57.8756,0.4625,25.25,8
2471,514443,514384,0,13.7298,0.0801,21.00,1
2471,514541,514374,1,78.4982,0.4992,23.89,9
2471,515002,515152,1,36.8479,0.1485,19.70,10
2471,515006,515016,1,36.2353,0.1878,20.83,18
2471,515007,515009,0,67.8707,0.3904,20.91,11
2471,515008,515006,1,20.7357,0.1382,24.00,1
2471,515010,515018,1,33.2930,0.0925,10.00,1
2471,515011,515015,0,70.8491,0.5707,29.00,1
2471,515014,515010,1,55.7172,0.2861,19.50,8
2471,515016,515150,1,39.6990,0.1988,21.83,6
2471,515017,515007,0,73.5956,0.4062,20.80,20
2471,515018,515008,1,38.0650,0.1606,15.60,5
2471,515019,515011,0,8.4063,0.0550,24.00,2
2471,515020,515013,0,101.2164,0.7591,27.00,1
2471,515021,514379,0,23.5421,0.1519,21.00,2
2471,515029,515030,0,43.4846,0.1837,14.60,5
2471,515030,515147,0,62.6860,0.3688,22.50,4
2471,515061,515012,1,20.7125,0.1266,22.00,1
2471,515069,515017,0,42.1876,0.1746,16.60,10
2471,515147,515148,0,44.0659,0.2081,17.00,1
2471,515148,515149,0,37.6658,0.1498,14.50,2
2471,515149,518012,0,85.3169,0.5491,23.73,11
2471,515150,515002,1,36.1464,0.1803,19.62,29
2471,515151,515069,0,7.5883,0.0316,15.00,1
2471,515152,518003,1,108.2943,0.5856,19.33,3
2471,516004,516005,0,76.9210,0.3977,19.78,9
2471,516005,516006,0,35.1526,0.1951,18.78,9
2471,516006,516007,0,43.7092,0.1867,16.11,9
2471,516007,516008,0,85.6441,0.3432,14.50,2
2471,516011,516239,1,48.8342,0.2461,18.42,12
2471,516093,516268,0,33.3495,0.1560,19.13,8
2471,516112,516134,0,55.6324,0.2322,15.00,3
2471,516137,516004,0,58.8082,0.3891,24.10,10
2471,516239,516241,1,49.0362,0.2308,16.86,7
2471,516241,516242,1,37.6422,0.1833,19.08,13
2471,516242,517011,1,55.8035,0.2785,19.00,5
2471,516268,515029,0,90.3544,0.5534,23.85,13
2471,517006,517007,0,31.1883,0.1126,13.00,2
2471,517011,517119,1,39.9752,0.2183,19.00,10
2471,517012,517013,1,49.8305,0.2459,19.00,9
2471,517013,501752,1,42.3774,0.2290,21.64,14
2471,517119,517012,1,68.0753,0.4365,22.70,10
2471,517175,517006,0,14.4299,0.0901,24.50,4
2471,518003,518006,1,49.3843,0.2969,18.50,4
2471,518004,518165,1,56.1981,0.3304,23.40,5
2471,518006,518004,1,71.5833,0.4458,21.33,3
2471,518009,518074,1,76.3912,0.4639,22.56,18
2471,518012,515151,0,69.2736,0.3554,21.15,20
2471,518074,516011,1,84.3869,0.4484,20.00,3
2471,518165,518009,1,27.1423,0.2251,28.80,5
2472,500153,514058,1,69.9472,0.4637,23.75,4
2472,501050,518147,1,50.5866,0.3065,24.00,5
2472,501053,514017,0,30.6611,0.2129,25.00,1
2472,501802,501850,1,91.6497,0.5903,23.14,7
2472,501850,501900,0,30.2421,0.1336,16.82,11
2472,501900,517006,0,52.7800,0.2492,17.50,4
2472,503006,518058,1,78.7036,0.4506,20.00,8
2472,514017,500153,0,82.9585,0.5099,22.90,10
2472,514058,501050,1,56.3704,0.2767,17.00,10
2472,514138,501053,0,35.3456,0.2009,19.25,8
2472,516005,516006,0,39.2443,0.1564,18.67,6
2472,516006,516007,0,32.2317,0.1530,20.86,7
2472,516008,516015,0,86.0559,0.2869,12.00,1
2472,516009,518010,0,44.3838,0.2753,20.67,9
2472,516010,518063,0,54.5151,0.3469,19.22,9
2472,516011,516239,1,33.9441,0.1858,20.75,4
2472,516015,516009,0,31.5999,0.1709,21.00,2
2472,516132,516133,0,65.1714,0.3446,16.50,2
2472,516133,516237,0,62.9274,0.2790,16.00,7
2472,516237,516005,0,57.3338,0.3033,20.37,19
2472,516239,516241,1,52.4782,0.2713,18.50,4
2472,516240,518013,0,70.6893,0.3810,19.30,10
2472,516241,516242,1,65.1258,0.3144,17.80,10
2472,516242,517011,1,36.0451,0.1985,20.33,9
2472,517006,517007,0,13.3633,0.0631,17.00,1
2472,517011,517119,1,38.0600,0.2034,20.00,8
2472,517012,517013,1,58.4331,0.2666,16.33,9
2472,517013,501802,1,38.2204,0.1864,18.00,5
2472,517119,517012,1,75.2997,0.4189,19.44,9
2472,518003,518006,1,25.7138,0.1292,18.50,2
2472,518004,518165,1,66.4417,0.3284,18.00,10
2472,518005,516010,0,73.4137,0.3251,14.50,4
2472,518006,518004,1,69.8332,0.3381,22.20,5
2472,518009,518074,1,75.9108,0.4167,19.75,8
2472,518010,516240,0,29.0336,0.2514,26.78,9
2472,518013,518005,0,0.4927,0.0018,13.00,1
2472,518049,514137,0,44.3040,0.2048,18.00,11
2472,518050,518164,1,67.5684,0.3983,21.40,15
2472,518051,518049,0,19.0087,0.1531,29.00,1
2472,518058,518060,1,57.0656,0.3131,19.75,8
2472,518061,503001,0,44.1661,0.2577,21.83,6
2472,518063,518061,0,26.2279,0.1592,22.50,6
2472,518074,516011,1,39.4177,0.2208,21.00,3
2472,518147,518148,1,72.5854,0.3708,19.58,12
2472,518148,518050,1,64.3224,0.2910,18.33,6
2472,518149,518003,1,77.6561,0.4926,22.92,12
2472,518150,518051,0,55.9513,0.3476,22.08,12
2472,518164,503006,1,17.6531,0.2692,55.40,10
2472,518165,518009,1,59.8979,0.4789,29.40,5
2472,518169,518150,0,59.3569,0.3314,16.67,3
2473,501950,502000,1,35.1261,0.1651,18.00,3
2473,501950,517178,1,41.9019,0.1704,14.50,4
2473,501951,517175,0,85.6787,0.5155,22.00,2
2473,502000,501950,1,55.0625,0.1650,11.00,7
2473,502000,502050,1,40.5933,0.2732,23.00,7
2473,502001,501951,0,18.9113,0.0887,17.38,8
2473,502050,502000,1,54.7067,0.2207,15.00,6
2473,502051,502001,0,66.0970,0.3555,19.60,10
2473,502103,502051,0,66.2514,0.3681,20.00,1
2473,502650,502600,0,54.7188,0.8724,38.86,7
2473,511309,511311,1,46.4444,0.2317,22.25,4
2473,511309,516128,1,114.7571,0.3825,12.00,1
2473,511310,516231,0,106.9443,0.8318,28.00,2
2473,511311,511309,1,30.8753,0.1413,16.25,4
2473,511312,511310,0,88.9137,0.4886,20.50,4
2473,511313,511311,1,55.3524,0.4766,31.00,1
2473,511315,511313,1,44.9720,0.3526,28.50,2
2473,511315,517212,1,29.6313,0.2305,28.00,1
2473,511316,511312,0,114.9080,0.8299,26.00,1
2473,514076,514377,0,63.0432,0.3666,21.73,11
2473,514369,500154,0,110.0524,0.5977,19.57,7
2473,514371,514381,0,12.0880,0.0552,16.50,2
2473,514373,514431,0,71.0075,0.2170,11.00,1
2473,514381,514368,0,63.2427,0.6654,27.00,2
2473,514384,514373,0,57.0485,0.3782,23.50,2
2473,514415,514076,0,82.3550,0.5793,24.00,3
2473,514431,514371,0,68.5215,0.4477,24.00,2
2473,515025,515246,1,27.5349,0.0841,11.00,1
2473,515025,516083,0,31.1624,0.1970,22.00,5
2473,515036,515037,0,45.6912,0.1828,17.00,6
2473,515037,515058,0,64.0755,0.2664,15.15,13
2473,515040,515238,1,47.4744,0.3913,29.50,2
2473,515046,515062,1,71.1289,0.5843,29.50,2
2473,515048,515063,1,77.7155,0.2742,13.00,2
2473,515049,515048,1,56.7394,0.2837,18.00,1
2473,515050,515049,1,85.5364,0.5702,24.00,1
2473,515051,515050,1,36.6849,0.2955,29.00,3
2473,515052,515051,1,114.3409,0.3176,10.00,1
2473,515058,515059,0,99.2635,0.5432,19.75,4
2473,515060,502650,0,56.3115,0.2778,18.44,9
2473,515063,515046,1,4.1935,0.0198,17.00,1
2473,515064,516082,1,18.8405,0.1336,28.33,3
2473,515132,515036,0,77.6211,0.4594,19.25,4
2473,515139,516097,1,73.3760,0.5911,29.00,2
2473,515140,515028,0,55.2911,0.3073,17.67,3
2473,515141,515025,0,94.0928,0.5154,19.50,4
2473,515142,516090,1,44.2789,0.2454,20.00,3
2473,515144,515145,0,36.2664,0.2305,21.33,3
2473,515145,516089,0,87.7230,0.4743,20.00,3
2473,515146,515141,0,92.4872,0.5909,20.75,4
2473,515153,515064,1,53.7154,0.4137,28.00,2
2473,515161,516085,0,61.8151,0.3859,19.00,4
2473,515187,515188,0,84.0233,0.4650,20.83,6
2473,515189,515057,0,67.5047,0.3828,19.50,2
2473,515245,515052,1,53.4151,0.4303,29.00,1
2473,516081,515028,1,54.4556,0.3675,25.00,3
2473,516082,516081,1,25.4364,0.1354,26.86,7
2473,516083,515025,1,27.1705,0.1811,24.00,1
2473,516083,516086,0,69.8721,0.2250,11.67,3
2473,516085,515146,0,67.1937,0.3414,19.36,11
2473,516086,516083,1,23.2922,0.1826,28.50,4
2473,516086,516087,0,53.0789,0.3429,22.44,9
2473,516087,516086,1,86.7034,0.4150,18.50,2
2473,516087,516097,0,95.7268,0.5896,22.40,5
2473,516088,515153,1,32.7939,0.1646,22.13,8
2473,516089,515161,0,85.4731,0.4655,19.64,11
2473,516090,516088,1,44.0693,0.3343,23.40,5
2473,516097,515139,0,15.2054,0.0591,14.00,1
2473,516119,516120,0,59.5163,0.2878,17.20,5
2473,516120,516194,0,61.3800,0.1994,12.00,2
2473,516128,511309,1,58.5491,0.3519,21.83,6
2473,516128,516127,1,7.4998,0.0333,16.00,1
2473,516194,516196,0,18.6161,0.0936,20.33,3
2473,516196,516234,0,45.9156,0.3826,30.00,1
2473,516232,516119,0,44.3832,0.1905,17.20,5
2473,516233,517178,1,63.4904,0.3130,18.00,4
2473,516233,517212,1,84.6457,0.3057,13.00,1
2473,517175,517006,0,38.5977,0.2763,25.25,4
2473,517178,501950,1,66.5520,0.4653,24.89,9
2473,517178,516233,1,87.2171,0.6735,28.00,6
2473,517212,511315,1,56.9004,0.2474,14.00,2
2473,517212,516233,1,29.2967,0.0895,11.00,1
2473,517213,511316,0,76.5636,0.2832,13.75,4
2521,502401,512020,1,19.2433,0.0670,13.25,4
2521,502650,515061,1,66.1809,0.3510,16.67,3
2521,502750,503003,1,45.7260,0.2050,19.40,5
2521,502751,502801,0,87.7263,0.6823,28.00,1
2521,502800,502750,1,45.6527,0.2678,25.80,5
2521,502801,502851,0,32.2536,0.1578,18.00,3
2521,502850,502800,1,57.7981,0.2637,20.00,3
2521,502851,518110,0,53.2291,0.3084,17.33,3
2521,503003,518058,1,91.6758,0.5286,20.50,4
2521,503004,502751,0,44.7394,0.1943,19.00,9
2521,512020,512021,1,16.4968,0.0586,20.33,3
2521,512021,512105,1,64.3715,0.3802,21.60,5
2521,512054,512194,0,61.3847,0.3263,18.78,9
2521,512057,512111,0,52.7569,0.2814,18.33,3
2521,512105,513228,1,56.2175,0.2164,14.00,2
2521,512111,502401,0,92.2503,0.5652,22.40,5
2521,512115,512054,0,46.9758,0.1906,17.00,5
2521,512194,512195,0,54.2401,0.3315,19.33,3
2521,512195,512057,0,61.4023,0.2345,14.80,5
2521,513149,514114,1,41.1366,0.2137,18.43,7
2521,513205,512115,0,45.9012,0.2072,15.67,3
2521,513225,513226,0,73.0675,0.2436,12.00,1
2521,513226,513249,0,57.4147,0.2623,18.33,3
2521,513229,513230,1,82.1796,0.4500,19.88,8
2521,513230,513149,1,65.2581,0.3856,21.33,6
2521,513249,513205,0,36.8148,0.1885,19.50,2
2521,514114,514280,1,48.2061,0.3465,18.50,2
2521,514280,514281,1,70.2335,0.2849,15.00,2
2521,514282,514320,1,66.0219,0.4158,21.33,6
2521,514316,514317,0,90.4976,0.3611,14.38,8
2521,514317,514318,0,46.4110,0.3133,23.00,2
2521,514318,514319,0,23.7442,0.1397,19.67,3
2521,514319,513225,0,58.5170,0.3252,19.50,4
2521,514320,518151,1,85.6058,0.3941,19.00,2
2521,515040,515062,0,41.0024,0.2074,20.25,4
2521,515046,515113,0,51.1498,0.2106,16.22,9
2521,515058,515059,1,76.5494,0.4170,18.71,7
2521,515060,502650,1,55.9563,0.3090,18.14,7
2521,515061,515012,0,1.8556,0.0072,14.00,1
2521,515062,515046,0,73.5955,0.5356,25.00,2
2521,515113,515114,0,56.5376,0.3102,19.20,5
2521,515114,515115,0,23.7858,0.1384,23.00,4
2521,515115,515116,0,54.6843,0.2470,16.83,6
2521,515116,515202,0,0.2968,0.0023,28.00,1
2521,515118,515119,1,47.0406,0.2420,44.25,4
2521,515119,515236,1,30.5919,1.0452,123.00,1
2521,515120,515121,1,60.6630,0.2668,16.40,5
2521,515121,515122,1,52.4153,0.2800,19.25,8
2521,515236,515120,1,70.0369,1.5953,82.00,1
2521,515238,515040,0,45.1994,0.1627,16.00,3
2521,518016,502850,1,57.4947,0.3552,21.25,4
2521,518082,518016,1,45.6230,0.2098,19.38,8
2521,518099,518100,0,51.2520,0.3295,22.40,5
2521,518100,514316,0,41.2313,0.2271,21.00,4
2521,518110,518099,0,32.2954,0.1974,22.00,1
2521,518151,518152,1,69.5403,0.2822,14.33,3
2521,518152,518082,1,105.3999,0.7059,24.50,2
2524,500603,502351,1,36.5107,0.2636,23.08,24
2524,501452,501501,1,54.5040,0.2760,18.71,14
2524,501501,501551,1,44.1232,0.2157,18.29,14
2524,501551,500603,1,38.8257,0.2056,19.95,22
2524,502351,512020,1,41.8652,0.2220,20.87,15
2524,502901,502951,1,19.7307,0.0972,20.06,16
2524,502951,501452,1,55.9243,0.3886,23.50,16
2524,512020,512021,1,37.6214,0.1806,17.67,15
2524,512021,512022,1,42.1459,0.2277,19.64,11
2524,515003,516103,0,62.6094,0.2611,16.00,8
2524,515054,516080,0,100.3974,0.5873,20.95,22
2524,515087,515088,0,50.7153,0.2700,20.00,9
2524,515088,515054,0,25.6539,0.0880,12.50,2
2524,515139,515140,0,34.3210,0.1364,13.50,2
2524,515140,515028,0,34.5082,0.2109,22.00,1
2524,515146,515171,0,75.3769,0.4131,20.35,23
2524,515161,516085,0,54.1036,0.7388,41.50,2
2524,515171,515003,0,77.0512,0.6775,34.00,6
2524,516080,516083,0,71.1897,0.3367,17.88,8
2524,516083,516086,0,44.7101,0.2165,21.50,2
2524,516085,515146,0,63.9398,0.3784,21.80,20
2524,516086,516087,0,28.7676,0.1349,16.57,7
2524,516087,516097,0,104.9204,0.7299,25.00,3
2524,516090,516092,1,48.6210,0.1794,18.80,5
2524,516097,515139,0,22.3886,0.1208,21.00,5
2524,516103,515087,0,72.1236,0.5241,25.00,8
2524,518084,518085,1,36.2061,0.1712,18.69,13
2524,518085,502901,1,42.0947,0.1792,16.71,7
2801,515174,518169,0,119.2719,0.8283,25.00,1
2801,516135,519150,0,51.4045,0.2427,17.00,1
2801,518039,518041,0,34.0167,0.1100,15.00,2
2801,518042,519206,0,86.0642,0.5954,25.00,3
2801,518058,518128,0,101.4255,0.4015,14.50,2
2801,518131,518126,1,30.9117,0.2107,25.00,8
2801,518189,518200,0,59.6395,0.2816,17.00,1
2801,518200,518202,0,63.8595,0.2728,15.50,2
2801,518202,518058,0,86.5385,0.5319,22.50,4
2801,519050,519119,1,47.8873,0.2969,19.50,6
2801,519061,519091,0,97.1647,0.3685,13.75,4
2801,519091,519281,0,74.8107,0.4717,22.25,8
2801,519119,519120,1,102.0205,0.8218,29.00,1
2801,519120,519283,1,19.3902,0.1180,23.00,4
2801,519153,519154,1,35.1530,0.2344,24.00,1
2801,519154,519155,1,20.5819,0.0858,15.00,1
2801,519155,519156,1,63.3367,0.2509,16.60,5
2801,519156,519157,1,92.0378,0.4040,16.50,2
2801,519157,519159,1,60.9497,0.2827,19.00,2
2801,519205,519153,1,87.5480,0.6080,25.00,1
2801,519206,516135,0,47.1353,0.6856,34.00,3
2841,502650,502700,1,38.2530,0.1887,17.20,5
2841,502651,502701,0,42.5505,0.1906,17.50,10
2841,502701,503012,0,34.7552,0.2896,30.00,1
2841,514041,514236,1,70.7349,0.3701,19.00,4
2841,514042,514041,1,88.3688,0.5431,22.50,2
2841,514044,514466,1,53.8673,0.3890,26.00,1
2841,514045,514044,1,5.1784,0.0245,17.00,1
2841,514046,514045,1,30.2324,0.2097,25.00,6
2841,514047,514046,1,104.4056,0.8120,28.00,1
2841,514048,514047,1,51.5894,0.2293,16.00,1
2841,514049,514538,1,25.0039,0.2019,29.25,4
2841,514050,514049,1,80.9960,0.3939,18.67,3
2841,514051,514050,1,74.8372,0.4758,24.00,4
2841,514052,514051,1,87.3155,0.4168,17.50,4
2841,514053,514052,1,55.7761,0.4435,28.67,3
2841,514054,514053,1,26.7076,0.1781,24.00,1
2841,514055,514054,1,30.8972,0.1116,13.00,1
2841,514056,500165,1,42.5037,0.3028,24.18,11
2841,514056,514055,1,30.1690,0.1425,16.83,6
2841,514172,514469,0,38.3245,0.2067,20.13,16
2841,514186,514084,1,31.0706,0.2503,29.00,2
2841,514190,514421,0,67.2030,0.3446,18.43,7
2841,514192,514193,0,65.1704,0.3175,17.00,3
2841,514193,514376,0,89.0322,0.5359,21.63,8
2841,514232,514279,1,109.0665,0.6362,21.00,1
2841,514235,514482,1,80.9141,0.3596,16.00,1
2841,514236,514271,1,99.5248,0.6591,24.50,2
2841,514271,514235,1,82.7398,0.6665,29.00,4
2841,514278,514432,0,53.9531,0.2786,22.00,3
2841,514376,514278,0,53.7532,0.1753,15.00,4
2841,514421,514192,0,105.9578,0.2943,10.00,1
2841,514432,502651,0,39.3430,0.2045,17.00,10
2841,514466,514042,1,30.7671,0.1708,22.80,5
2841,514468,514186,1,56.5790,0.2778,17.50,2
2841,514469,514190,0,62.9843,0.3106,18.11,9
2841,514482,514481,1,96.5872,0.8317,31.00,1
2841,514538,514048,1,37.3057,0.2469,23.50,8
2842,502651,502701,1,25.9954,0.1313,20.12,17
2842,502701,503012,1,26.0754,0.2026,28.00,2
2842,514193,514376,1,69.7806,0.4180,22.56,25
2842,514220,500157,0,98.4331,0.4530,16.50,2
2842,514278,514432,1,66.6694,0.2091,11.50,2
2842,514376,514278,1,100.5967,0.4192,15.00,1
2842,514432,502651,1,45.4504,0.2539,19.28,25
3011,500601,512133,1,79.4218,0.5139,22.92,12
3011,501001,501405,1,46.9368,0.2212,20.00,6
3011,501405,501451,1,52.1887,0.2887,18.45,11
3011,501451,501502,1,69.0516,0.2534,14.33,3
3011,501502,501551,1,45.1418,0.2440,21.40,15
3011,501551,500601,1,43.5340,0.2012,18.50,12
3011,512001,515001,1,64.9608,0.5593,29.00,4
3011,512133,512001,1,33.8395,0.1273,20.00,5
3011,515001,519176,1,38.8811,0.1681,20.00,3
3011,518001,501001,1,80.9830,0.4074,19.27,11
3011,519176,517002,1,79.3066,0.5195,23.50,10
3112,502315,502310,1,36.2746,0.1318,17.00,3
3112,511258,511266,1,64.4473,0.3875,21.65,20
3112,511264,511265,1,66.0562,0.3118,18.14,7
3112,511265,502310,1,58.7787,0.2483,16.18,11
3112,511302,511264,1,70.0357,0.4761,25.20,5
3121,511235,516277,1,73.8235,0.4184,20.00,6
3121,511291,511235,1,97.8236,0.2717,10.00,1
3121,511292,511294,0,63.1793,0.3163,18.45,11
3121,511293,511400,0,95.8703,0.5596,20.44,18
3121,511372,511293,0,102.1348,0.5909,21.17,12
3121,511377,511292,0,68.7686,0.3929,20.96,27
3121,511400,511401,0,54.3691,0.3370,20.75,12
3121,511401,511377,0,18.2321,0.1108,20.67,3
3121,511449,517276,1,89.2141,0.4085,16.92,12
3121,511452,517273,1,105.8532,0.3878,13.50,2
3121,511453,511452,1,65.5569,0.4592,23.00,2
3121,516276,517272,1,78.4167,0.4448,20.67,12
3121,516277,516276,1,41.6630,0.1338,21.50,2
3121,517272,511453,1,77.2261,0.3647,17.00,2
3121,517273,517275,1,55.1226,0.4780,32.50,2
3121,517275,517277,1,31.2119,0.4209,55.50,2
3121,517276,511369,1,84.7078,1.1969,80.33,3
3121,517277,511449,1,70.4488,0.3435,19.33,3
3122,511163,511164,1,87.2193,0.4361,17.33,3
3122,511164,511165,1,106.5341,0.6371,21.43,7
3122,511165,511166,1,107.6351,0.5680,19.17,6
3122,511166,511182,1,100.6634,0.4421,16.21,19
3122,511167,511168,1,81.5627,0.5335,24.32,22
3122,511168,511169,1,91.7856,0.5561,21.17,6
3122,511169,511170,1,59.4226,0.2578,15.80,5
3122,511170,511350,1,71.7797,0.4405,21.00,9
3122,511171,511172,0,95.2545,0.5309,20.33,24
3122,511172,511173,0,89.7545,0.4565,18.67,9
3122,511173,511174,0,79.3982,0.3906,17.85,26
3122,511174,511175,0,76.4895,0.4541,21.00,4
3122,511175,511176,0,108.8781,0.7783,25.67,3
3122,511177,511292,0,82.1491,0.4398,19.66,32
3122,511182,511167,1,80.6612,0.4437,21.33,30
3122,511286,511163,1,81.3551,0.4931,21.60,20
3122,511289,511286,1,46.2809,0.2986,24.33,3
3122,511292,511290,0,66.0122,0.3749,21.22,18
3122,511350,511351,1,26.0311,0.0868,12.00,1
3122,511351,511352,1,23.9654,0.3043,53.00,2
3123,502103,511388,1,21.9173,0.1185,19.67,3
3123,511286,511287,1,57.5643,0.3920,22.33,9
3123,511287,511288,0,80.9267,0.3472,15.25,4
3123,511288,511389,0,51.3591,0.2561,20.00,3
3123,511292,511391,0,35.1440,0.1816,18.00,3
3123,511377,511292,0,73.7221,0.4284,21.50,12
3123,511388,511286,1,113.4251,0.5098,16.33,3
3123,511389,511377,0,78.4770,0.3682,18.43,7
3123,511391,502103,0,38.9688,0.2012,19.50,8
3124,511286,511432,1,105.0622,0.8009,27.25,4
3124,511292,511290,0,88.0623,0.5455,22.90,10
3124,511296,511286,1,59.8092,0.4022,27.00,2
3124,511432,511433,1,102.2916,0.7104,25.00,1
3124,511433,511434,1,88.8736,0.6082,23.50,2
3124,511434,511435,1,77.0283,0.5135,24.00,1
3124,511435,511436,1,87.3615,0.5806,24.00,9
3124,511436,511437,1,101.8421,0.3669,13.00,3
3124,511437,511487,1,37.5206,0.4081,44.50,2
3124,511439,511443,1,44.4804,0.8893,64.50,2
3124,511440,511441,1,110.4318,0.7233,23.50,2
3124,511443,511444,1,72.4994,0.4159,22.05,21
3124,511444,511440,1,83.6026,0.7783,38.43,7
3124,511445,511446,0,58.5190,1.0346,44.83,6
3124,511446,511488,0,78.9734,4.4692,194.00,6
3124,511447,511448,0,30.6075,0.1360,16.00,1
3124,511448,511292,0,69.6883,0.3691,18.67,15
3124,511487,511438,1,56.5047,1.6813,115.00,3
3124,511488,511434,0,105.9921,0.6677,22.75,4
3131,502311,511034,1,60.0610,0.3471,21.40,5
3131,511033,502312,0,59.8544,0.6251,32.20,5
3131,511034,511107,1,75.6805,0.4396,20.25,8
3131,511107,511456,1,20.1509,0.0699,15.33,3
3131,511226,511033,0,50.5013,0.3226,23.00,1
3131,511228,511267,1,98.1706,0.5727,21.00,1
3131,511230,511416,0,94.1078,0.5592,22.50,2
3131,511267,511268,1,66.7326,0.2410,13.00,1
3131,511268,511269,1,68.1721,0.2841,15.00,1
3131,511273,511019,0,18.9293,0.0967,19.43,7
3131,511324,511478,0,104.1355,0.5192,18.33,3
3131,511408,511100,0,21.8026,0.1185,17.80,5
3131,511416,511417,0,40.6014,0.2246,19.22,9
3131,511417,511484,0,60.0477,0.3503,21.00,1
3131,511456,511479,1,49.5689,0.2533,20.08,13
3131,511478,511230,0,41.7306,0.1880,20.00,3
3131,511479,511480,1,38.6918,0.1298,13.00,2
3131,511480,511481,1,52.8648,0.2112,15.00,5
3131,511484,511408,0,80.1510,0.7683,32.75,4
3132,511019,511324,1,68.7034,0.4226,22.43,7
3132,511267,511268,1,34.3509,0.2253,17.50,2
3132,511268,511467,1,3.0793,0.0188,22.00,1
3132,511269,511270,1,0.3811,0.0024,23.67,3
3132,511270,511271,1,0.9133,0.0041,16.00,1
3132,511273,511019,1,0.7070,0.0043,22.50,2
3132,511324,511478,1,7.2963,0.0486,24.00,1
3132,511465,511269,1,1.2529,0.0060,22.00,3
3132,511467,511470,1,52.7741,0.4140,25.50,2
3132,511471,511472,1,104.1164,0.7202,25.20,5
3132,511472,511492,1,78.4788,0.4388,19.00,3
3132,511473,511474,1,102.3666,0.4772,16.71,7
3132,511475,511476,1,35.2499,0.1910,20.00,2
3132,511476,511464,1,80.7507,0.3589,16.00,1
3132,511478,511267,1,55.6275,0.2365,18.33,3
3132,511492,511473,1,93.1651,0.3623,14.00,1
3133,511225,511456,1,77.5314,0.5599,26.00,1
3133,511403,511224,1,85.9289,0.7155,30.00,2
3133,511408,511100,0,113.8997,0.8690,27.50,2
3133,511456,511457,1,107.0183,0.5351,18.00,1
3133,511457,511458,1,103.5612,0.7192,25.00,1
3141,502302,511241,1,58.3411,0.2677,18.23,13
3141,511035,511037,1,61.1161,0.3020,19.70,10
3141,511036,511046,0,88.5865,0.5282,21.07,15
3141,511037,511039,1,88.5547,0.3763,16.00,8
3141,511038,511036,0,97.8921,0.7886,29.00,1
3141,511039,511038,0,48.5522,0.2823,19.33,3
3141,511045,511035,1,71.8598,0.3531,18.83,12
3141,511046,511261,0,35.8466,0.1544,19.55,11
3141,511241,511045,1,52.5000,0.3209,20.50,4
3141,511249,511346,0,25.7313,0.1508,21.75,4
3141,511250,511264,0,61.2168,0.2576,16.40,15
3141,511261,511249,0,61.3443,0.3151,17.00,3
3141,511264,511265,0,62.4565,0.3600,20.94,17
3141,511265,502302,0,67.9172,0.3886,20.38,16
3141,511346,511250,0,34.9260,0.1560,17.29,7
3171,502302,511020,1,58.8615,0.2869,18.40,5
3171,511020,511493,1,47.4857,0.1895,16.36,14
3171,511021,511385,1,105.5886,0.5092,17.50,2
3171,511162,502302,1,43.7989,0.2364,20.14,35
3171,511386,511162,1,22.3085,0.1061,17.68,22
3172,502313,511251,1,58.9544,0.3054,19.83,6
3172,511020,511111,1,103.6330,0.7728,26.50,2
3172,511085,511129,0,82.5128,0.4497,19.44,18
3172,511110,511131,1,22.9651,0.1511,22.50,2
3172,511111,511110,1,102.3295,0.4548,16.00,2
3172,511112,511113,1,87.5516,1.2507,45.00,2
3172,511113,511114,1,57.6388,0.2810,17.33,3
3172,511114,511121,1,40.2201,0.1448,14.33,3
3172,511116,511117,1,52.8742,1.4124,129.40,5
3172,511117,511383,1,63.0464,0.2977,17.00,1
3172,511118,511384,0,44.8783,0.4161,32.00,2
3172,511119,511120,0,81.2852,0.6468,28.50,2
3172,511120,511115,0,74.7395,0.4117,23.80,5
3172,511121,511116,1,71.3682,0.3568,18.00,1
3172,511123,511124,0,99.9993,0.6675,23.71,7
3172,511124,511125,0,89.9479,0.6016,23.24,17
3172,511125,511126,0,107.9526,0.6768,22.63,8
3172,511126,511127,0,85.5971,0.4900,20.33,21
3172,511127,511128,0,40.3956,0.6957,62.00,1
3172,511128,511085,0,88.9345,0.6930,32.31,13
3172,511129,511378,0,102.4865,0.5721,20.31,13
3172,511130,511343,0,0.4283,0.0024,20.00,1
3172,511136,511344,0,71.1136,0.3683,18.33,3
3172,511251,511020,1,105.3940,0.6305,21.50,2
3172,511257,511021,0,77.8466,0.2811,13.00,1
3172,511343,511136,0,4.9024,0.0206,17.50,2
3172,511344,511257,0,59.9958,0.3415,22.00,3
3172,511378,511130,0,100.1390,0.6065,22.00,4
3172,511383,511118,1,67.8026,0.5286,26.56,9
3172,511384,511119,0,105.1251,0.6957,23.50,4
3191,502305,511016,1,90.6013,0.6632,26.67,6
3191,511202,511203,1,56.0768,0.3798,24.75,4
3191,511203,511359,1,42.6334,0.2433,21.50,18
3191,511207,511208,0,98.9878,0.6605,24.50,2
3191,511212,511213,0,66.4929,0.3557,19.86,7
3191,511359,511204,1,41.3979,0.1751,16.25,12
3191,511360,511212,0,44.8400,0.2197,18.36,11
3192,511048,511073,1,106.8315,0.7119,23.50,6
3192,511049,511050,1,30.8074,0.1112,13.00,1
3192,511050,511461,1,103.7733,0.8073,28.00,2
3192,511051,511379,1,74.8768,0.3472,16.50,2
3192,511053,511077,1,54.0123,0.3001,17.33,6
3192,511054,511064,0,48.6517,0.1941,15.00,5
3192,511056,511080,1,91.2786,0.5578,22.00,1
3192,511061,511082,0,65.1421,0.1990,11.00,1
3192,511062,511083,0,54.0186,0.2212,15.60,5
3192,511064,511380,0,61.4339,0.2648,16.00,2
3192,511066,511067,0,92.0505,0.4341,17.75,4
3192,511067,511074,0,29.7882,0.1230,15.33,3
3192,511068,511071,0,64.4666,0.2149,12.00,1
3192,511070,511048,1,58.4814,0.3854,23.20,5
3192,511071,511187,0,59.3536,0.2779,16.75,4
3192,511073,511049,1,67.7821,0.3690,21.00,3
3192,511074,511068,0,96.4741,0.4280,16.00,2
3192,511075,511463,0,75.7675,0.3275,16.00,7
3192,511076,511051,1,98.2935,0.4915,18.00,1
3192,511077,511078,1,52.7921,0.3252,23.33,3
3192,511078,511079,1,118.7431,0.7257,22.00,1
3192,511081,511059,1,1.2597,0.0045,14.75,4
3192,511082,511062,0,59.8666,0.3098,19.50,4
3192,511084,511075,0,66.9181,0.2416,13.00,1
3192,511380,511084,0,31.9584,0.1215,15.00,5
3192,511462,511056,1,111.6448,0.8063,26.00,1
3192,511463,511066,0,52.0824,0.2170,15.00,1
3192,511486,511061,0,58.5184,0.3138,20.50,2
3351,513238,504007,1,11.8836,0.0669,24.00,2
3351,513243,513241,1,75.9583,0.2907,13.67,3
3351,513244,513245,1,99.0003,1.8150,66.00,1
3351,513245,504007,1,23.8556,0.0925,14.25,8
3371,513077,513078,1,101.4372,0.5183,18.00,2
3371,513078,513079,1,99.9078,1.0193,37.67,3
3371,513079,513080,1,57.7019,0.2392,14.00,2
3371,513080,513106,1,72.7087,0.3929,18.92,12
3371,513083,513084,1,81.9956,1.1855,52.00,2
3371,513084,513190,1,57.5718,0.3358,21.00,1
3371,513093,513094,1,64.6283,0.2753,16.25,8
3371,513094,513095,1,67.4957,0.3102,16.50,6
3371,513095,513077,1,30.3346,0.1770,21.00,1
3371,513101,513195,1,41.6216,0.1986,17.08,13
3371,513106,513082,1,100.7259,0.5828,21.00,6
3371,513182,513192,1,71.9880,0.8699,57.50,4
3371,513188,513100,1,69.7072,0.4235,22.22,9
3371,513190,513189,1,41.7077,0.2006,18.60,5
3371,513192,513193,1,69.0715,0.3858,20.07,14
3371,513193,513194,1,41.7695,0.2118,18.50,2
3371,513194,513093,1,29.2701,0.1524,18.86,7
3371,513195,513196,1,53.0424,0.4002,23.30,10
3371,513196,513182,1,83.3504,0.4160,19.50,10
3372,513037,513038,0,32.5861,0.2229,18.50,2
3372,513080,513106,1,109.1566,0.9688,32.00,3
3372,513083,513084,0,83.1210,1.0390,45.00,1
3372,513097,513098,0,55.6446,0.2402,15.50,2
3372,513099,513100,0,66.6977,0.3333,19.20,5
3372,513106,513082,0,105.0397,0.5462,19.33,6
3372,513199,513200,1,67.2554,0.3067,20.00,2
3372,513202,513079,1,115.8137,0.8686,27.00,1
3411,500164,514020,1,81.3101,0.4210,18.00,2
3411,514025,514026,1,93.0074,0.7492,29.00,1
3411,514026,514027,1,21.5136,0.0657,11.00,1
3411,514027,514554,1,50.4357,0.2251,16.25,8
3411,514028,514029,1,81.0620,0.4012,18.38,8
3411,514029,514030,1,93.0452,0.3874,14.33,3
3411,514030,514031,1,86.8796,0.5302,22.17,6
3411,514031,514032,1,82.3086,0.3367,15.75,4
3411,514032,514033,1,74.0639,0.4570,21.40,5
3411,514033,514037,1,87.8851,0.5072,19.88,8
3411,514035,514036,1,51.8342,0.3469,25.00,3
3411,514036,514246,1,107.0921,0.5792,19.00,3
3411,514037,514035,1,86.4689,0.5937,23.83,6
3411,514041,514042,0,46.4061,0.2411,20.75,16
3411,514042,514466,0,85.9541,0.4202,18.08,13
3411,514044,514045,0,70.2806,0.3762,20.00,18
3411,514045,514046,0,53.3680,0.3171,24.67,3
3411,514046,514047,0,30.2233,0.5031,32.25,4
3411,514047,514048,0,58.6615,0.2860,17.92,13
3411,514048,514538,0,44.9128,0.1907,15.88,8
3411,514049,514050,0,49.8069,0.2208,17.00,9
3411,514050,514051,0,36.4373,0.1587,15.88,8
3411,514051,514052,0,47.2293,0.2622,22.00,8
3411,514052,514053,0,118.0520,0.9838,30.00,1
3411,514053,514054,0,12.2975,0.0649,19.00,1
3411,514054,514055,0,87.1125,0.4669,19.71,7
3411,514055,514056,0,50.3696,0.3016,22.00,11
3411,514056,500164,0,76.9243,0.5261,24.40,25
3411,514235,514271,0,102.5057,0.7118,25.00,1
3411,514236,514041,0,53.3897,0.2829,18.80,10
3411,514246,514326,1,43.0159,0.2741,21.17,6
3411,514269,514270,0,80.6693,0.4223,18.80,5
3411,514270,514235,0,64.0697,0.3370,18.39,18
3411,514271,514236,0,55.5959,0.2694,19.67,6
3411,514326,514474,1,50.2359,0.2607,19.00,2
3411,514331,514479,0,85.9731,0.4132,17.11,9
3411,514466,514044,0,41.8031,0.2260,20.38,16
3411,514467,514023,1,114.1326,0.8557,27.00,2
3411,514474,514331,1,19.8199,0.1680,22.50,4
3411,514479,514480,0,69.1327,0.2939,15.00,2
3411,514480,514269,0,47.4567,0.2523,17.87,15
3411,514538,514049,0,54.7743,0.2464,18.38,8
3413,514051,500164,1,30.8478,0.1457,17.00,1
3413,514052,514053,1,53.6288,0.1788,12.00,1
3413,514055,514056,1,25.6181,0.2206,31.00,1
3413,514056,500164,1,58.7464,0.5823,35.57,14
3413,514552,514553,1,34.7019,0.2121,22.00,1
3413,514553,514050,1,16.8977,0.0892,19.00,1
3422,514067,514068,0,40.8913,0.2045,18.00,1
3422,514068,514069,0,40.5792,0.1974,17.50,2
3422,514069,514070,0,18.0313,0.0564,12.00,2
3422,514070,514427,0,83.1670,0.3280,15.38,8
3422,514073,514074,0,65.4370,0.2581,15.00,2
3422,514085,514086,1,82.7407,0.5286,23.00,1
3422,514086,514087,1,70.2811,0.3593,19.71,7
3422,514087,514088,1,66.2739,0.2587,16.60,5
3422,514089,514090,1,35.3488,0.1495,17.25,8
3422,514090,514091,1,52.8749,0.1998,14.00,4
3422,514091,514092,1,94.5794,0.4430,18.00,2
3422,514220,500157,1,76.0488,1.0351,49.00,1
3422,514403,514404,1,45.1169,0.1908,16.00,2
3441,500168,500162,1,59.6591,0.2721,18.12,34
3441,514055,514056,1,60.0018,0.2895,18.29,7
3441,514056,500168,1,46.6271,0.3966,29.67,3
3441,514186,500162,1,113.9813,0.7915,25.00,1
3441,514212,514213,1,42.5077,0.1826,16.47,15
3441,514214,514215,1,70.0371,0.3371,17.00,2
3442,500162,514367,0,66.7101,1.4483,119.00,3
3442,514067,514068,0,49.5032,0.1513,11.00,1
3442,514068,514069,0,73.1080,0.5280,26.00,1
3442,514070,514427,1,62.7046,0.2793,17.75,4
3442,514072,514086,1,6.5861,0.0476,26.00,1
3442,514086,514161,1,64.9824,0.3533,19.86,14
3442,514088,514090,1,19.5838,0.0771,17.00,3
3442,514090,514091,1,86.9424,0.3052,15.67,3
3442,514091,514092,1,87.9115,0.6852,33.00,2
3442,514092,514353,1,59.3185,0.3957,24.25,8
3442,514161,514162,1,100.4018,0.6716,23.40,15
3442,514162,514163,1,56.7974,0.3090,22.50,2
3442,514163,514533,1,79.3941,0.7192,32.50,2
3442,514352,514067,0,12.2974,0.0581,17.00,1
3442,514358,514359,1,28.7831,0.1338,19.67,3
3442,514361,514088,1,17.7889,0.1433,29.00,1
3442,514368,514369,1,0.8516,0.0024,10.00,1
3442,514369,500166,1,92.0048,0.7613,29.83,6
3442,514371,514351,0,89.1271,0.7443,25.00,3
3442,514400,514371,0,55.0273,0.2507,17.29,7
3442,514533,514358,1,69.3610,0.7326,41.44,9
3452,514130,514132,1,17.1973,0.1146,24.00,1
3452,514243,514462,0,6.1557,0.0205,12.00,1
3452,514245,514131,0,18.1120,0.0672,13.50,2
3452,514347,514346,1,49.5613,0.3130,21.57,7
3452,514348,514349,1,72.0776,0.2319,11.50,2
3452,514386,514314,1,66.5066,0.6222,27.00,3
3452,514434,514245,0,13.5821,0.0905,24.00,1
3452,514451,514241,0,65.4262,0.2521,14.33,3
3452,514452,514453,0,68.4771,0.2713,14.00,3
3452,514453,514454,0,47.3187,0.2602,19.50,2
3452,514459,514348,1,50.8645,0.3710,25.33,3
3452,514460,514461,0,110.0536,0.3668,12.00,1
3452,514461,514243,0,59.6175,0.1822,11.00,1
3452,514463,514464,0,0.8508,0.0024,10.00,1
3452,514464,514450,0,4.1213,0.0160,18.33,3
3721,517015,500052,1,86.0458,0.3870,16.29,7
3721,517038,517039,1,21.6557,0.0666,14.60,5
3721,517039,517015,1,38.3354,0.1335,14.92,12
3721,517150,517203,1,90.6013,0.3470,14.67,6
3721,517203,517224,1,60.7145,0.2388,16.00,7
3721,517204,517205,1,42.0490,0.1470,14.57,7
3721,517205,517278,1,41.5189,0.1628,17.33,3
3721,517224,517225,1,33.8359,0.1161,14.33,3
3721,517225,517204,1,16.2164,0.0605,16.50,4
3721,517278,517038,1,34.9574,0.1009,10.50,2
3722,517015,500053,1,80.5408,0.4650,21.13,8
3722,517037,517038,1,96.6481,0.7434,27.67,3
3722,517222,517223,1,102.4667,0.5810,20.33,6
3722,517223,517037,1,113.7358,0.5687,18.00,1
3781,517029,517030,1,58.7791,0.3618,23.67,3
3781,517030,517031,1,45.3465,0.1804,15.50,4
3781,517031,517032,1,58.3185,0.2780,18.73,11
3781,517032,517033,1,63.8236,0.3423,19.33,6
3781,517033,517083,1,63.4096,0.2908,18.40,5
3781,517076,517249,1,95.2125,0.3174,12.00,1
3781,517083,517084,1,80.4366,0.4327,20.33,9
3781,517084,517255,1,95.8832,0.6054,21.50,2
3781,517163,517164,1,60.8362,0.2840,18.00,4
3781,517164,517076,1,118.7120,0.9563,29.00,1
3781,517226,517227,1,83.0602,0.3465,15.80,5
3781,517227,517165,1,110.4373,0.7976,26.00,1
3781,517249,517250,1,89.2813,0.4702,19.50,2
3781,517250,517251,1,74.5108,0.4096,19.83,6
3781,517251,517270,1,100.0648,0.6671,24.00,1
3781,517254,517029,1,69.8890,1.2625,62.80,5
3781,517255,517226,1,67.3512,0.2724,16.00,3
3781,517270,517271,1,112.5681,0.5316,17.00,1
4272,501651,519270,0,93.4757,0.3116,12.00,1
4272,501652,501702,1,34.3437,0.1885,19.00,9
4272,501701,501651,0,42.4584,0.3348,26.09,11
4272,501702,501800,1,51.7307,0.2329,16.55,11
4272,501800,501854,1,51.0648,0.2326,15.60,5
4272,501803,501701,0,61.0171,0.3603,21.21,14
4272,501855,501803,0,47.1746,0.2430,21.00,5
4272,519117,501652,1,49.5901,0.2091,16.25,4
4272,519136,519117,1,64.4377,0.3741,21.00,2
4272,519138,519266,0,44.9667,0.2189,16.60,5
4272,519164,519165,0,60.7059,0.3024,18.00,13
4272,519165,519166,0,53.4883,0.2727,19.38,8
4272,519166,502400,0,77.3437,0.3437,16.00,1
4272,519266,519164,0,76.2314,0.3684,18.67,3
4272,519270,519138,0,67.9693,0.2931,16.11,9
